Points_0,Points_1,Points_2,Points_Magnitude,qem,qin,qr
0,0,0.05,0.05,0,17408.4,17408.4
0.001,0,0.05,0.05001,-3544.01,15995.1,12451.1
0.002,0,0.05,0.05004,-3544.01,16025.8,12481.8
0.003,0,0.05,0.0500899,-3544.01,16056.5,12512.5
0.004,0,0.05,0.0501597,-3544.01,16087.2,12543.2
0.005,0,0.05,0.0502494,-3544.01,16118,12574
0.006,0,0.05,0.0503587,-3544.01,16148.7,12604.7
0.007,0,0.05,0.0504876,-3544.01,16179.4,12635.4
0.008,0,0.05,0.050636,-3544.01,16210.1,12666.1
0.009,0,0.05,0.0508035,-3544.01,16240.8,12696.8
0.01,0,0.05,0.0509902,-3544.01,16271.5,12727.5
0.011,0,0.05,0.0511957,-3544.01,16302.2,12758.2
0.012,0,0.05,0.0514198,-3544.01,16332.9,12788.9
0.013,0,0.05,0.0516624,-3544.01,16363.7,12819.7
0.014,0,0.05,0.051923,-3544.01,16394.4,12850.4
0.015,0,0.05,0.0522015,-3544.01,16425.1,12881.1
0.016,0,0.05,0.0524976,-3544.01,16455.8,12911.8
0.017,0,0.05,0.052811,-3544.01,16486.5,12942.5
0.018,0,0.05,0.0531413,-3544.01,16517.2,12973.2
0.019,0,0.05,0.0534883,-3544.01,16547.9,13003.9
0.02,0,0.05,0.0538516,-3544.01,16578.6,13034.6
0.021,0,0.05,0.054231,-3544.01,16609.4,13065.4
0.022,0,0.05,0.054626,-3544.01,16640.1,13096.1
0.023,0,0.05,0.0550364,-3544.01,16670.8,13126.8
0.024,0,0.05,0.0554617,-3544.01,16701.5,13157.5
0.025,0,0.05,0.0559017,-3544.01,16732.2,13188.2
0.026,0,0.05,0.056356,-3544.01,16762.9,13218.9
0.027,0,0.05,0.0568243,-3544.01,16793.6,13249.6
0.028,0,0.05,0.0573062,-3544.01,16824.3,13280.3
0.029,0,0.05,0.0578014,-3544.01,16855,13311
0.03,0,0.05,0.0583095,-3544.01,16885.8,13341.8
0.031,0,0.05,0.0588303,-3544.01,16916.5,13372.5
0.032,0,0.05,0.0593633,-3544.01,16947.2,13403.2
0.033,0,0.05,0.0599083,-3544.01,16977.9,13433.9
0.034,0,0.05,0.0604649,-3544.01,17008.6,13464.6
0.035,0,0.05,0.0610328,-3544.01,17039.3,13495.3
0.036,0,0.05,0.0616117,-3544.01,17070,13526
0.037,0,0.05,0.0622013,-3544.01,17100.7,13556.7
0.038,0,0.05,0.0628013,-3544.01,17131.5,13587.5
0.039,0,0.05,0.0634114,-3544.01,17162.2,13618.2
0.04,0,0.05,0.0640312,-3544.01,17192.9,13648.9
0.041,0,0.05,0.0646607,-3544.01,17223.6,13679.6
0.042,0,0.05,0.0652993,-3544.01,17254.3,13710.3
0.043,0,0.05,0.065947,-3544.01,17285,13741
0.044,0,0.05,0.0666033,-3544.01,17315.7,13771.7
0.045,0,0.05,0.0672681,-3544.01,17346.4,13802.4
0.046,0,0.05,0.0679412,-3544.01,17377.2,13833.2
0.047,0,0.05,0.0686222,-3544.01,17407.9,13863.9
0.048,0,0.05,0.0693109,-3544.01,17438.6,13894.6
0.049,0,0.05,0.0700071,-3544.01,17469.3,13925.3
0.05,0,0.05,0.0707107,-3544.01,17500,13956
0.051,0,0.05,0.0714213,-3544.01,17549.4,14005.4
0.052,0,0.05,0.0721388,-3544.01,17598.8,14054.8
0.053,0,0.05,0.0728629,-3544.01,17648.2,14104.2
0.054,0,0.05,0.0735935,-3544.01,17697.6,14153.6
0.055,0,0.05,0.0743303,-3544.01,17747,14203
0.056,0,0.05,0.0750733,-3544.01,17796.4,14252.4
0.057,0,0.05,0.0758222,-3544.01,17845.8,14301.8
0.058,0,0.05,0.0765768,-3544.01,17895.2,14351.2
0.059,0,0.05,0.0773369,-3544.01,17944.6,14400.6
0.06,0,0.05,0.0781025,-3544.01,17994,14450
0.061,0,0.05,0.0788733,-3544.01,18043.4,14499.4
0.062,0,0.05,0.0796492,-3544.01,18092.8,14548.8
0.063,0,0.05,0.0804301,-3544.01,18142.2,14598.2
0.064,0,0.05,0.0812158,-3544.01,18191.6,14647.6
0.065,0,0.05,0.0820061,-3544.01,18241,14697
0.066,0,0.05,0.082801,-3544.01,18290.4,14746.4
0.067,0,0.05,0.0836002,-3544.01,18339.8,14795.8
0.068,0,0.05,0.0844038,-3544.01,18389.2,14845.2
0.069,0,0.05,0.0852115,-3544.01,18438.6,14894.6
0.07,0,0.05,0.0860233,-3544.01,18488,14944
0.071,0,0.05,0.0868389,-3544.01,18537.4,14993.4
0.072,0,0.05,0.0876584,-3544.01,18586.8,15042.8
0.073,0,0.05,0.0884816,-3544.01,18636.2,15092.2
0.074,0,0.05,0.0893085,-3544.01,18685.6,15141.6
0.075,0,0.05,0.0901388,-3544.01,18735,15191
0.076,0,0.05,0.0909725,-3544.01,18784.4,15240.4
0.077,0,0.05,0.0918096,-3544.01,18833.8,15289.8
0.078,0,0.05,0.0926499,-3544.01,18883.2,15339.2
0.079,0,0.05,0.0934933,-3544.01,18932.6,15388.6
0.08,0,0.05,0.0943398,-3544.01,18982,15438
0.081,0,0.05,0.0951893,-3544.01,19031.4,15487.4
0.082,0,0.05,0.0960417,-3544.01,19080.8,15536.8
0.083,0,0.05,0.0968968,-3544.01,19130.2,15586.2
0.084,0,0.05,0.0977548,-3544.01,19179.6,15635.6
0.085,0,0.05,0.0986154,-3544.01,19229,15685
0.086,0,0.05,0.0994786,-3544.01,19278.4,15734.4
0.087,0,0.05,0.100344,-3544.01,19327.8,15783.8
0.088,0,0.05,0.101213,-3544.01,19377.2,15833.2
0.089,0,0.05,0.102083,-3544.01,19426.6,15882.6
0.09,0,0.05,0.102956,-3544.01,19476,15932
0.091,0,0.05,0.103832,-3544.01,19525.4,15981.4
0.092,0,0.05,0.104709,-3544.01,19574.8,16030.8
0.093,0,0.05,0.105589,-3544.01,19624.2,16080.2
0.094,0,0.05,0.106471,-3544.01,19673.6,16129.6
0.095,0,0.05,0.107355,-3544.01,19723,16179
0.096,0,0.05,0.10824,-3544.01,19772.4,16228.4
0.097,0,0.05,0.109128,-3544.01,19821.8,16277.8
0.098,0,0.05,0.110018,-3544.01,19871.2,16327.2
0.099,0,0.05,0.11091,-3544.01,19920.6,16376.6
0.1,0,0.05,0.111803,-3544.01,19970,16426
0.101,0,0.05,0.112699,-3544.01,20001.3,16457.3
0.102,0,0.05,0.113596,-3544.01,20032.7,16488.7
0.103,0,0.05,0.114495,-3544.01,20064,16520
0.104,0,0.05,0.115395,-3544.01,20095.3,16551.3
0.105,0,0.05,0.116297,-3544.01,20126.6,16582.6
0.106,0,0.05,0.117201,-3544.01,20158,16614
0.107,0,0.05,0.118106,-3544.01,20189.3,16645.3
0.108,0,0.05,0.119013,-3544.01,20220.6,16676.6
0.109,0,0.05,0.119921,-3544.01,20252,16708
0.11,0,0.05,0.12083,-3544.01,20283.3,16739.3
0.111,0,0.05,0.121742,-3544.01,20314.6,16770.6
0.112,0,0.05,0.122654,-3544.01,20345.9,16801.9
0.113,0,0.05,0.123568,-3544.01,20377.3,16833.3
0.114,0,0.05,0.124483,-3544.01,20408.6,16864.6
0.115,0,0.05,0.125399,-3544.01,20439.9,16895.9
0.116,0,0.05,0.126317,-3544.01,20471.2,16927.2
0.117,0,0.05,0.127236,-3544.01,20502.6,16958.6
0.118,0,0.05,0.128156,-3544.01,20533.9,16989.9
0.119,0,0.05,0.129077,-3544.01,20565.2,17021.2
0.12,0,0.05,0.13,-3544.01,20596.6,17052.6
0.121,0,0.05,0.130924,-3544.01,20627.9,17083.9
0.122,0,0.05,0.131848,-3544.01,20659.2,17115.2
0.123,0,0.05,0.132774,-3544.01,20690.5,17146.5
0.124,0,0.05,0.133701,-3544.01,20721.9,17177.9
0.125,0,0.05,0.134629,-3544.01,20753.2,17209.2
0.126,0,0.05,0.135558,-3544.01,20784.5,17240.5
0.127,0,0.05,0.136488,-3544.01,20815.9,17271.9
0.128,0,0.05,0.137419,-3544.01,20847.2,17303.2
0.129,0,0.05,0.138351,-3544.01,20878.5,17334.5
0.13,0,0.05,0.139284,-3544.01,20909.8,17365.8
0.131,0,0.05,0.140218,-3544.01,20941.2,17397.2
0.132,0,0.05,0.141152,-3544.01,20972.5,17428.5
0.133,0,0.05,0.142088,-3544.01,21003.8,17459.8
0.134,0,0.05,0.143024,-3544.01,21035.2,17491.2
0.135,0,0.05,0.143962,-3544.01,21066.5,17522.5
0.136,0,0.05,0.1449,-3544.01,21097.8,17553.8
0.137,0,0.05,0.145839,-3544.01,21129.1,17585.1
0.138,0,0.05,0.146779,-3544.01,21160.5,17616.5
0.139,0,0.05,0.147719,-3544.01,21191.8,17647.8
0.14,0,0.05,0.148661,-3544.01,21223.1,17679.1
0.141,0,0.05,0.149603,-3544.01,21254.4,17710.4
0.142,0,0.05,0.150546,-3544.01,21285.8,17741.8
0.143,0,0.05,0.151489,-3544.01,21317.1,17773.1
0.144,0,0.05,0.152434,-3544.01,21348.4,17804.4
0.145,0,0.05,0.153379,-3544.01,21379.8,17835.8
0.146,0,0.05,0.154324,-3544.01,21411.1,17867.1
0.147,0,0.05,0.155271,-3544.01,21442.4,17898.4
0.148,0,0.05,0.156218,-3544.01,21473.7,17929.7
0.149,0,0.05,0.157166,-3544.01,21505.1,17961.1
0.15,0,0.05,0.158114,-3544.01,21536.4,17992.4
0.151,0,0.05,0.159063,-3544.01,21558.1,18014.1
0.152,0,0.05,0.160012,-3544.01,21579.8,18035.8
0.153,0,0.05,0.160963,-3544.01,21601.5,18057.5
0.154,0,0.05,0.161914,-3544.01,21623.2,18079.2
0.155,0,0.05,0.162865,-3544.01,21644.9,18100.9
0.156,0,0.05,0.163817,-3544.01,21666.6,18122.6
0.157,0,0.05,0.16477,-3544.01,21688.3,18144.3
0.158,0,0.05,0.165723,-3544.01,21710,18166
0.159,0,0.05,0.166676,-3544.01,21731.8,18187.8
0.16,0,0.05,0.167631,-3544.01,21753.5,18209.5
0.161,0,0.05,0.168585,-3544.01,21775.2,18231.2
0.162,0,0.05,0.169541,-3544.01,21796.9,18252.9
0.163,0,0.05,0.170496,-3544.01,21818.6,18274.6
0.164,0,0.05,0.171453,-3544.01,21840.3,18296.3
0.165,0,0.05,0.172409,-3544.01,21862,18318
0.166,0,0.05,0.173367,-3544.01,21883.7,18339.7
0.167,0,0.05,0.174324,-3544.01,21905.4,18361.4
0.168,0,0.05,0.175283,-3544.01,21927.1,18383.1
0.169,0,0.05,0.176241,-3544.01,21948.8,18404.8
0.17,0,0.05,0.1772,-3544.01,21970.5,18426.5
0.171,0,0.05,0.17816,-3544.01,21992.2,18448.2
0.172,0,0.05,0.17912,-3544.01,22013.9,18469.9
0.173,0,0.05,0.180081,-3544.01,22035.6,18491.6
0.174,0,0.05,0.181041,-3544.01,22057.3,18513.3
0.175,0,0.05,0.182003,-3544.01,22079,18535
0.176,0,0.05,0.182964,-3544.01,22100.8,18556.8
0.177,0,0.05,0.183927,-3544.01,22122.5,18578.5
0.178,0,0.05,0.184889,-3544.01,22144.2,18600.2
0.179,0,0.05,0.185852,-3544.01,22165.9,18621.9
0.18,0,0.05,0.186815,-3544.01,22187.6,18643.6
0.181,0,0.05,0.187779,-3544.01,22209.3,18665.3
0.182,0,0.05,0.188743,-3544.01,22231,18687
0.183,0,0.05,0.189708,-3544.01,22252.7,18708.7
0.184,0,0.05,0.190673,-3544.01,22274.4,18730.4
0.185,0,0.05,0.191638,-3544.01,22296.1,18752.1
0.186,0,0.05,0.192603,-3544.01,22317.8,18773.8
0.187,0,0.05,0.193569,-3544.01,22339.5,18795.5
0.188,0,0.05,0.194535,-3544.01,22361.2,18817.2
0.189,0,0.05,0.195502,-3544.01,22382.9,18838.9
0.19,0,0.05,0.196469,-3544.01,22404.6,18860.6
0.191,0,0.05,0.197436,-3544.01,22426.3,18882.3
0.192,0,0.05,0.198404,-3544.01,22448.1,18904.1
0.193,0,0.05,0.199372,-3544.01,22469.8,18925.8
0.194,0,0.05,0.20034,-3544.01,22491.5,18947.5
0.195,0,0.05,0.201308,-3544.01,22513.2,18969.2
0.196,0,0.05,0.202277,-3544.01,22534.9,18990.9
0.197,0,0.05,0.203246,-3544.01,22556.6,19012.6
0.198,0,0.05,0.204216,-3544.01,22578.3,19034.3
0.199,0,0.05,0.205185,-3544.01,22600,19056
0.2,0,0.05,0.206155,-3544.01,22621.7,19077.7
0.201,0,0.05,0.207126,-3544.01,22637.3,19093.3
0.202,0,0.05,0.208096,-3544.01,22653,19109
0.203,0,0.05,0.209067,-3544.01,22668.6,19124.6
0.204,0,0.05,0.210038,-3544.01,22684.3,19140.3
0.205,0,0.05,0.211009,-3544.01,22699.9,19155.9
0.206,0,0.05,0.211981,-3544.01,22715.5,19171.5
0.207,0,0.05,0.212953,-3544.01,22731.2,19187.2
0.208,0,0.05,0.213925,-3544.01,22746.8,19202.8
0.209,0,0.05,0.214898,-3544.01,22762.5,19218.5
0.21,0,0.05,0.21587,-3544.01,22778.1,19234.1
0.211,0,0.05,0.216843,-3544.01,22793.7,19249.7
0.212,0,0.05,0.217816,-3544.01,22809.4,19265.4
0.213,0,0.05,0.21879,-3544.01,22825,19281
0.214,0,0.05,0.219764,-3544.01,22840.6,19296.6
0.215,0,0.05,0.220737,-3544.01,22856.3,19312.3
0.216,0,0.05,0.221712,-3544.01,22871.9,19327.9
0.217,0,0.05,0.222686,-3544.01,22887.6,19343.6
0.218,0,0.05,0.22366,-3544.01,22903.2,19359.2
0.219,0,0.05,0.224635,-3544.01,22918.8,19374.8
0.22,0,0.05,0.22561,-3544.01,22934.5,19390.5
0.221,0,0.05,0.226586,-3544.01,22950.1,19406.1
0.222,0,0.05,0.227561,-3544.01,22965.8,19421.8
0.223,0,0.05,0.228537,-3544.01,22981.4,19437.4
0.224,0,0.05,0.229513,-3544.01,22997,19453
0.225,0,0.05,0.230489,-3544.01,23012.7,19468.7
0.226,0,0.05,0.231465,-3544.01,23028.3,19484.3
0.227,0,0.05,0.232441,-3544.01,23044,19500
0.228,0,0.05,0.233418,-3544.01,23059.6,19515.6
0.229,0,0.05,0.234395,-3544.01,23075.2,19531.2
0.23,0,0.05,0.235372,-3544.01,23090.9,19546.9
0.231,0,0.05,0.236349,-3544.01,23106.5,19562.5
0.232,0,0.05,0.237327,-3544.01,23122.1,19578.1
0.233,0,0.05,0.238304,-3544.01,23137.8,19593.8
0.234,0,0.05,0.239282,-3544.01,23153.4,19609.4
0.235,0,0.05,0.24026,-3544.01,23169.1,19625.1
0.236,0,0.05,0.241238,-3544.01,23184.7,19640.7
0.237,0,0.05,0.242217,-3544.01,23200.3,19656.3
0.238,0,0.05,0.243195,-3544.01,23216,19672
0.239,0,0.05,0.244174,-3544.01,23231.6,19687.6
0.24,0,0.05,0.245153,-3544.01,23247.3,19703.3
0.241,0,0.05,0.246132,-3544.01,23262.9,19718.9
0.242,0,0.05,0.247111,-3544.01,23278.5,19734.5
0.243,0,0.05,0.248091,-3544.01,23294.2,19750.2
0.244,0,0.05,0.24907,-3544.01,23309.8,19765.8
0.245,0,0.05,0.25005,-3544.01,23325.5,19781.5
0.246,0,0.05,0.25103,-3544.01,23341.1,19797.1
0.247,0,0.05,0.25201,-3544.01,23356.7,19812.7
0.248,0,0.05,0.25299,-3544.01,23372.4,19828.4
0.249,0,0.05,0.25397,-3544.01,23388,19844
0.25,0,0.05,0.254951,-3544.01,23403.7,19859.7
0.251,0,0.05,0.255932,-3544.01,23414.9,19870.9
0.252,0,0.05,0.256912,-3544.01,23426.2,19882.2
0.253,0,0.05,0.257893,-3544.01,23437.5,19893.5
0.254,0,0.05,0.258874,-3544.01,23448.8,19904.8
0.255,0,0.05,0.259856,-3544.01,23460.1,19916.1
0.256,0,0.05,0.260837,-3544.01,23471.4,19927.4
0.257,0,0.05,0.261819,-3544.01,23482.7,19938.7
0.258,0,0.05,0.2628,-3544.01,23494,19950
0.259,0,0.05,0.263782,-3544.01,23505.3,19961.3
0.26,0,0.05,0.264764,-3544.01,23516.6,19972.6
0.261,0,0.05,0.265746,-3544.01,23527.9,19983.9
0.262,0,0.05,0.266728,-3544.01,23539.2,19995.2
0.263,0,0.05,0.267711,-3544.01,23550.5,20006.5
0.264,0,0.05,0.268693,-3544.01,23561.8,20017.8
0.265,0,0.05,0.269676,-3544.01,23573.1,20029.1
0.266,0,0.05,0.270658,-3544.01,23584.4,20040.4
0.267,0,0.05,0.271641,-3544.01,23595.7,20051.7
0.268,0,0.05,0.272624,-3544.01,23607,20063
0.269,0,0.05,0.273607,-3544.01,23618.3,20074.3
0.27,0,0.05,0.274591,-3544.01,23629.6,20085.6
0.271,0,0.05,0.275574,-3544.01,23640.9,20096.9
0.272,0,0.05,0.276557,-3544.01,23652.2,20108.2
0.273,0,0.05,0.277541,-3544.01,23663.5,20119.5
0.274,0,0.05,0.278525,-3544.01,23674.8,20130.8
0.275,0,0.05,0.279509,-3544.01,23686.1,20142.1
0.276,0,0.05,0.280492,-3544.01,23697.4,20153.4
0.277,0,0.05,0.281476,-3544.01,23708.7,20164.7
0.278,0,0.05,0.282461,-3544.01,23720,20176
0.279,0,0.05,0.283445,-3544.01,23731.3,20187.3
0.28,0,0.05,0.284429,-3544.01,23742.6,20198.6
0.281,0,0.05,0.285414,-3544.01,23753.9,20209.9
0.282,0,0.05,0.286398,-3544.01,23765.2,20221.2
0.283,0,0.05,0.287383,-3544.01,23776.5,20232.5
0.284,0,0.05,0.288368,-3544.01,23787.8,20243.8
0.285,0,0.05,0.289353,-3544.01,23799.1,20255.1
0.286,0,0.05,0.290338,-3544.01,23810.4,20266.4
0.287,0,0.05,0.291323,-3544.01,23821.7,20277.7
0.288,0,0.05,0.292308,-3544.01,23833,20289
0.289,0,0.05,0.293293,-3544.01,23844.3,20300.3
0.29,0,0.05,0.294279,-3544.01,23855.6,20311.6
0.291,0,0.05,0.295264,-3544.01,23866.9,20322.9
0.292,0,0.05,0.29625,-3544.01,23878.2,20334.2
0.293,0,0.05,0.297236,-3544.01,23889.5,20345.5
0.294,0,0.05,0.298221,-3544.01,23900.8,20356.8
0.295,0,0.05,0.299207,-3544.01,23912.1,20368.1
0.296,0,0.05,0.300193,-3544.01,23923.4,20379.4
0.297,0,0.05,0.301179,-3544.01,23934.7,20390.7
0.298,0,0.05,0.302166,-3544.01,23946,20402
0.299,0,0.05,0.303152,-3544.01,23957.3,20413.3
0.3,0,0.05,0.304138,-3544.01,23968.6,20424.6
0.301,0,0.05,0.305125,-3544.01,23976.6,20432.6
0.302,0,0.05,0.306111,-3544.01,23984.6,20440.6
0.303,0,0.05,0.307098,-3544.01,23992.6,20448.6
0.304,0,0.05,0.308084,-3544.01,24000.6,20456.6
0.305,0,0.05,0.309071,-3544.01,24008.6,20464.6
0.306,0,0.05,0.310058,-3544.01,24016.6,20472.6
0.307,0,0.05,0.311045,-3544.01,24024.6,20480.6
0.308,0,0.05,0.312032,-3544.01,24032.6,20488.6
0.309,0,0.05,0.313019,-3544.01,24040.6,20496.6
0.31,0,0.05,0.314006,-3544.01,24048.6,20504.6
0.311,0,0.05,0.314994,-3544.01,24056.6,20512.6
0.312,0,0.05,0.315981,-3544.01,24064.6,20520.6
0.313,0,0.05,0.316968,-3544.01,24072.7,20528.7
0.314,0,0.05,0.317956,-3544.01,24080.7,20536.7
0.315,0,0.05,0.318944,-3544.01,24088.7,20544.7
0.316,0,0.05,0.319931,-3544.01,24096.7,20552.7
0.317,0,0.05,0.320919,-3544.01,24104.7,20560.7
0.318,0,0.05,0.321907,-3544.01,24112.7,20568.7
0.319,0,0.05,0.322895,-3544.01,24120.7,20576.7
0.32,0,0.05,0.323883,-3544.01,24128.7,20584.7
0.321,0,0.05,0.324871,-3544.01,24136.7,20592.7
0.322,0,0.05,0.325859,-3544.01,24144.7,20600.7
0.323,0,0.05,0.326847,-3544.01,24152.7,20608.7
0.324,0,0.05,0.327835,-3544.01,24160.7,20616.7
0.325,0,0.05,0.328824,-3544.01,24168.7,20624.7
0.326,0,0.05,0.329812,-3544.01,24176.7,20632.7
0.327,0,0.05,0.330801,-3544.01,24184.7,20640.7
0.328,0,0.05,0.331789,-3544.01,24192.7,20648.7
0.329,0,0.05,0.332778,-3544.01,24200.7,20656.7
0.33,0,0.05,0.333766,-3544.01,24208.7,20664.7
0.331,0,0.05,0.334755,-3544.01,24216.7,20672.7
0.332,0,0.05,0.335744,-3544.01,24224.7,20680.7
0.333,0,0.05,0.336733,-3544.01,24232.7,20688.7
0.334,0,0.05,0.337722,-3544.01,24240.7,20696.7
0.335,0,0.05,0.338711,-3544.01,24248.7,20704.7
0.336,0,0.05,0.3397,-3544.01,24256.7,20712.7
0.337,0,0.05,0.340689,-3544.01,24264.8,20720.8
0.338,0,0.05,0.341678,-3544.01,24272.8,20728.8
0.339,0,0.05,0.342667,-3544.01,24280.8,20736.8
0.34,0,0.05,0.343657,-3544.01,24288.8,20744.8
0.341,0,0.05,0.344646,-3544.01,24296.8,20752.8
0.342,0,0.05,0.345636,-3544.01,24304.8,20760.8
0.343,0,0.05,0.346625,-3544.01,24312.8,20768.8
0.344,0,0.05,0.347615,-3544.01,24320.8,20776.8
0.345,0,0.05,0.348604,-3544.01,24328.8,20784.8
0.346,0,0.05,0.349594,-3544.01,24336.8,20792.8
0.347,0,0.05,0.350584,-3544.01,24344.8,20800.8
0.348,0,0.05,0.351574,-3544.01,24352.8,20808.8
0.349,0,0.05,0.352563,-3544.01,24360.8,20816.8
0.35,0,0.05,0.353553,-3544.01,24368.8,20824.8
0.351,0,0.05,0.354543,-3544.01,24374.1,20830.1
0.352,0,0.05,0.355533,-3544.01,24379.5,20835.5
0.353,0,0.05,0.356523,-3544.01,24384.8,20840.8
0.354,0,0.05,0.357514,-3544.01,24390.2,20846.2
0.355,0,0.05,0.358504,-3544.01,24395.5,20851.5
0.356,0,0.05,0.359494,-3544.01,24400.9,20856.9
0.357,0,0.05,0.360484,-3544.01,24406.2,20862.2
0.358,0,0.05,0.361475,-3544.01,24411.6,20867.6
0.359,0,0.05,0.362465,-3544.01,24416.9,20872.9
0.36,0,0.05,0.363456,-3544.01,24422.3,20878.3
0.361,0,0.05,0.364446,-3544.01,24427.6,20883.6
0.362,0,0.05,0.365437,-3544.01,24433,20889
0.363,0,0.05,0.366427,-3544.01,24438.3,20894.3
0.364,0,0.05,0.367418,-3544.01,24443.7,20899.7
0.365,0,0.05,0.368409,-3544.01,24449,20905
0.366,0,0.05,0.3694,-3544.01,24454.4,20910.4
0.367,0,0.05,0.37039,-3544.01,24459.7,20915.7
0.368,0,0.05,0.371381,-3544.01,24465,20921
0.369,0,0.05,0.372372,-3544.01,24470.4,20926.4
0.37,0,0.05,0.373363,-3544.01,24475.7,20931.7
0.371,0,0.05,0.374354,-3544.01,24481.1,20937.1
0.372,0,0.05,0.375345,-3544.01,24486.4,20942.4
0.373,0,0.05,0.376336,-3544.01,24491.8,20947.8
0.374,0,0.05,0.377327,-3544.01,24497.1,20953.1
0.375,0,0.05,0.378319,-3544.01,24502.5,20958.5
0.376,0,0.05,0.37931,-3544.01,24507.8,20963.8
0.377,0,0.05,0.380301,-3544.01,24513.2,20969.2
0.378,0,0.05,0.381293,-3544.01,24518.5,20974.5
0.379,0,0.05,0.382284,-3544.01,24523.9,20979.9
0.38,0,0.05,0.383275,-3544.01,24529.2,20985.2
0.381,0,0.05,0.384267,-3544.01,24534.6,20990.6
0.382,0,0.05,0.385258,-3544.01,24539.9,20995.9
0.383,0,0.05,0.38625,-3544.01,24545.2,21001.2
0.384,0,0.05,0.387242,-3544.01,24550.6,21006.6
0.385,0,0.05,0.388233,-3544.01,24555.9,21011.9
0.386,0,0.05,0.389225,-3544.01,24561.3,21017.3
0.387,0,0.05,0.390217,-3544.01,24566.6,21022.6
0.388,0,0.05,0.391208,-3544.01,24572,21028
0.389,0,0.05,0.3922,-3544.01,24577.3,21033.3
0.39,0,0.05,0.393192,-3544.01,24582.7,21038.7
0.391,0,0.05,0.394184,-3544.01,24588,21044
0.392,0,0.05,0.395176,-3544.01,24593.4,21049.4
0.393,0,0.05,0.396168,-3544.01,24598.7,21054.7
0.394,0,0.05,0.39716,-3544.01,24604.1,21060.1
0.395,0,0.05,0.398152,-3544.01,24609.4,21065.4
0.396,0,0.05,0.399144,-3544.01,24614.8,21070.8
0.397,0,0.05,0.400136,-3544.01,24620.1,21076.1
0.398,0,0.05,0.401128,-3544.01,24625.5,21081.5
0.399,0,0.05,0.402121,-3544.01,24630.8,21086.8
0.4,0,0.05,0.403113,-3544.01,24636.1,21092.1
0.401,0,0.05,0.404105,-3544.01,24639.2,21095.2
0.402,0,0.05,0.405098,-3544.01,24642.3,21098.3
0.403,0,0.05,0.40609,-3544.01,24645.4,21101.4
0.404,0,0.05,0.407082,-3544.01,24648.4,21104.4
0.405,0,0.05,0.408075,-3544.01,24651.5,21107.5
0.406,0,0.05,0.409067,-3544.01,24654.6,21110.6
0.407,0,0.05,0.41006,-3544.01,24657.6,21113.6
0.408,0,0.05,0.411052,-3544.01,24660.7,21116.7
0.409,0,0.05,0.412045,-3544.01,24663.8,21119.8
0.41,0,0.05,0.413038,-3544.01,24666.9,21122.9
0.411,0,0.05,0.41403,-3544.01,24669.9,21125.9
0.412,0,0.05,0.415023,-3544.01,24673,21129
0.413,0,0.05,0.416016,-3544.01,24676.1,21132.1
0.414,0,0.05,0.417008,-3544.01,24679.1,21135.1
0.415,0,0.05,0.418001,-3544.01,24682.2,21138.2
0.416,0,0.05,0.418994,-3544.01,24685.3,21141.3
0.417,0,0.05,0.419987,-3544.01,24688.4,21144.4
0.418,0,0.05,0.42098,-3544.01,24691.4,21147.4
0.419,0,0.05,0.421973,-3544.01,24694.5,21150.5
0.42,0,0.05,0.422966,-3544.01,24697.6,21153.6
0.421,0,0.05,0.423959,-3544.01,24700.6,21156.6
0.422,0,0.05,0.424952,-3544.01,24703.7,21159.7
0.423,0,0.05,0.425945,-3544.01,24706.8,21162.8
0.424,0,0.05,0.426938,-3544.01,24709.9,21165.9
0.425,0,0.05,0.427931,-3544.01,24712.9,21168.9
0.426,0,0.05,0.428924,-3544.01,24716,21172
0.427,0,0.05,0.429917,-3544.01,24719.1,21175.1
0.428,0,0.05,0.430911,-3544.01,24722.1,21178.1
0.429,0,0.05,0.431904,-3544.01,24725.2,21181.2
0.43,0,0.05,0.432897,-3544.01,24728.3,21184.3
0.431,0,0.05,0.433891,-3544.01,24731.3,21187.3
0.432,0,0.05,0.434884,-3544.01,24734.4,21190.4
0.433,0,0.05,0.435877,-3544.01,24737.5,21193.5
0.434,0,0.05,0.436871,-3544.01,24740.6,21196.6
0.435,0,0.05,0.437864,-3544.01,24743.6,21199.6
0.436,0,0.05,0.438858,-3544.01,24746.7,21202.7
0.437,0,0.05,0.439851,-3544.01,24749.8,21205.8
0.438,0,0.05,0.440845,-3544.01,24752.8,21208.8
0.439,0,0.05,0.441838,-3544.01,24755.9,21211.9
0.44,0,0.05,0.442832,-3544.01,24759,21215
0.441,0,0.05,0.443825,-3544.01,24762.1,21218.1
0.442,0,0.05,0.444819,-3544.01,24765.1,21221.1
0.443,0,0.05,0.445813,-3544.01,24768.2,21224.2
0.444,0,0.05,0.446806,-3544.01,24771.3,21227.3
0.445,0,0.05,0.4478,-3544.01,24774.3,21230.3
0.446,0,0.05,0.448794,-3544.01,24777.4,21233.4
0.447,0,0.05,0.449788,-3544.01,24780.5,21236.5
0.448,0,0.05,0.450782,-3544.01,24783.6,21239.6
0.449,0,0.05,0.451775,-3544.01,24786.6,21242.6
0.45,0,0.05,0.452769,-3544.01,24789.7,21245.7
0.451,0,0.05,0.453763,-3544.01,24790.7,21246.7
0.452,0,0.05,0.454757,-3544.01,24791.7,21247.7
0.453,0,0.05,0.455751,-3544.01,24792.7,21248.7
0.454,0,0.05,0.456745,-3544.01,24793.7,21249.7
0.455,0,0.05,0.457739,-3544.01,24794.7,21250.7
0.456,0,0.05,0.458733,-3544.01,24795.7,21251.7
0.457,0,0.05,0.459727,-3544.01,24796.7,21252.7
0.458,0,0.05,0.460721,-3544.01,24797.7,21253.7
0.459,0,0.05,0.461715,-3544.01,24798.7,21254.7
0.46,0,0.05,0.462709,-3544.01,24799.7,21255.7
0.461,0,0.05,0.463704,-3544.01,24800.7,21256.7
0.462,0,0.05,0.464698,-3544.01,24801.7,21257.7
0.463,0,0.05,0.465692,-3544.01,24802.7,21258.7
0.464,0,0.05,0.466686,-3544.01,24803.7,21259.7
0.465,0,0.05,0.46768,-3544.01,24804.7,21260.7
0.466,0,0.05,0.468675,-3544.01,24805.7,21261.7
0.467,0,0.05,0.469669,-3544.01,24806.7,21262.7
0.468,0,0.05,0.470663,-3544.01,24807.7,21263.7
0.469,0,0.05,0.471658,-3544.01,24808.7,21264.7
0.47,0,0.05,0.472652,-3544.01,24809.7,21265.7
0.471,0,0.05,0.473646,-3544.01,24810.7,21266.7
0.472,0,0.05,0.474641,-3544.01,24811.7,21267.7
0.473,0,0.05,0.475635,-3544.01,24812.7,21268.7
0.474,0,0.05,0.47663,-3544.01,24813.7,21269.7
0.475,0,0.05,0.477624,-3544.01,24814.8,21270.8
0.476,0,0.05,0.478619,-3544.01,24815.8,21271.8
0.477,0,0.05,0.479613,-3544.01,24816.8,21272.8
0.478,0,0.05,0.480608,-3544.01,24817.8,21273.8
0.479,0,0.05,0.481603,-3544.01,24818.8,21274.8
0.48,0,0.05,0.482597,-3544.01,24819.8,21275.8
0.481,0,0.05,0.483592,-3544.01,24820.8,21276.8
0.482,0,0.05,0.484586,-3544.01,24821.8,21277.8
0.483,0,0.05,0.485581,-3544.01,24822.8,21278.8
0.484,0,0.05,0.486576,-3544.01,24823.8,21279.8
0.485,0,0.05,0.487571,-3544.01,24824.8,21280.8
0.486,0,0.05,0.488565,-3544.01,24825.8,21281.8
0.487,0,0.05,0.48956,-3544.01,24826.8,21282.8
0.488,0,0.05,0.490555,-3544.01,24827.8,21283.8
0.489,0,0.05,0.49155,-3544.01,24828.8,21284.8
0.49,0,0.05,0.492544,-3544.01,24829.8,21285.8
0.491,0,0.05,0.493539,-3544.01,24830.8,21286.8
0.492,0,0.05,0.494534,-3544.01,24831.8,21287.8
0.493,0,0.05,0.495529,-3544.01,24832.8,21288.8
0.494,0,0.05,0.496524,-3544.01,24833.8,21289.8
0.495,0,0.05,0.497519,-3544.01,24834.8,21290.8
0.496,0,0.05,0.498514,-3544.01,24835.8,21291.8
0.497,0,0.05,0.499509,-3544.01,24836.8,21292.8
0.498,0,0.05,0.500504,-3544.01,24837.8,21293.8
0.499,0,0.05,0.501499,-3544.01,24838.8,21294.8
0.5,0,0.05,0.502494,-3544.01,24839.8,21295.8
0.501,0,0.05,0.503489,-3544.01,24838.8,21294.8
0.502,0,0.05,0.504484,-3544.01,24837.8,21293.8
0.503,0,0.05,0.505479,-3544.01,24836.8,21292.8
0.504,0,0.05,0.506474,-3544.01,24835.8,21291.8
0.505,0,0.05,0.507469,-3544.01,24834.8,21290.8
0.506,0,0.05,0.508464,-3544.01,24833.8,21289.8
0.507,0,0.05,0.50946,-3544.01,24832.8,21288.8
0.508,0,0.05,0.510455,-3544.01,24831.8,21287.8
0.509,0,0.05,0.51145,-3544.01,24830.8,21286.8
0.51,0,0.05,0.512445,-3544.01,24829.8,21285.8
0.511,0,0.05,0.51344,-3544.01,24828.8,21284.8
0.512,0,0.05,0.514436,-3544.01,24827.8,21283.8
0.513,0,0.05,0.515431,-3544.01,24826.8,21282.8
0.514,0,0.05,0.516426,-3544.01,24825.8,21281.8
0.515,0,0.05,0.517421,-3544.01,24824.8,21280.8
0.516,0,0.05,0.518417,-3544.01,24823.8,21279.8
0.517,0,0.05,0.519412,-3544.01,24822.8,21278.8
0.518,0,0.05,0.520408,-3544.01,24821.8,21277.8
0.519,0,0.05,0.521403,-3544.01,24820.8,21276.8
0.52,0,0.05,0.522398,-3544.01,24819.8,21275.8
0.521,0,0.05,0.523394,-3544.01,24818.8,21274.8
0.522,0,0.05,0.524389,-3544.01,24817.8,21273.8
0.523,0,0.05,0.525385,-3544.01,24816.8,21272.8
0.524,0,0.05,0.52638,-3544.01,24815.8,21271.8
0.525,0,0.05,0.527376,-3544.01,24814.8,21270.8
0.526,0,0.05,0.528371,-3544.01,24813.7,21269.7
0.527,0,0.05,0.529367,-3544.01,24812.7,21268.7
0.528,0,0.05,0.530362,-3544.01,24811.7,21267.7
0.529,0,0.05,0.531358,-3544.01,24810.7,21266.7
0.53,0,0.05,0.532353,-3544.01,24809.7,21265.7
0.531,0,0.05,0.533349,-3544.01,24808.7,21264.7
0.532,0,0.05,0.534344,-3544.01,24807.7,21263.7
0.533,0,0.05,0.53534,-3544.01,24806.7,21262.7
0.534,0,0.05,0.536336,-3544.01,24805.7,21261.7
0.535,0,0.05,0.537331,-3544.01,24804.7,21260.7
0.536,0,0.05,0.538327,-3544.01,24803.7,21259.7
0.537,0,0.05,0.539323,-3544.01,24802.7,21258.7
0.538,0,0.05,0.540318,-3544.01,24801.7,21257.7
0.539,0,0.05,0.541314,-3544.01,24800.7,21256.7
0.54,0,0.05,0.54231,-3544.01,24799.7,21255.7
0.541,0,0.05,0.543306,-3544.01,24798.7,21254.7
0.542,0,0.05,0.544301,-3544.01,24797.7,21253.7
0.543,0,0.05,0.545297,-3544.01,24796.7,21252.7
0.544,0,0.05,0.546293,-3544.01,24795.7,21251.7
0.545,0,0.05,0.547289,-3544.01,24794.7,21250.7
0.546,0,0.05,0.548285,-3544.01,24793.7,21249.7
0.547,0,0.05,0.54928,-3544.01,24792.7,21248.7
0.548,0,0.05,0.550276,-3544.01,24791.7,21247.7
0.549,0,0.05,0.551272,-3544.01,24790.7,21246.7
0.55,0,0.05,0.552268,-3544.01,24789.7,21245.7
0.551,0,0.05,0.553264,-3544.01,24786.6,21242.6
0.552,0,0.05,0.55426,-3544.01,24783.6,21239.6
0.553,0,0.05,0.555256,-3544.01,24780.5,21236.5
0.554,0,0.05,0.556252,-3544.01,24777.4,21233.4
0.555,0,0.05,0.557248,-3544.01,24774.3,21230.3
0.556,0,0.05,0.558244,-3544.01,24771.3,21227.3
0.557,0,0.05,0.55924,-3544.01,24768.2,21224.2
0.558,0,0.05,0.560236,-3544.01,24765.1,21221.1
0.559,0,0.05,0.561232,-3544.01,24762.1,21218.1
0.56,0,0.05,0.562228,-3544.01,24759,21215
0.561,0,0.05,0.563224,-3544.01,24755.9,21211.9
0.562,0,0.05,0.56422,-3544.01,24752.8,21208.8
0.563,0,0.05,0.565216,-3544.01,24749.8,21205.8
0.564,0,0.05,0.566212,-3544.01,24746.7,21202.7
0.565,0,0.05,0.567208,-3544.01,24743.6,21199.6
0.566,0,0.05,0.568204,-3544.01,24740.6,21196.5
0.567,0,0.05,0.5692,-3544.01,24737.5,21193.5
0.568,0,0.05,0.570197,-3544.01,24734.4,21190.4
0.569,0,0.05,0.571193,-3544.01,24731.3,21187.3
0.57,0,0.05,0.572189,-3544.01,24728.3,21184.3
0.571,0,0.05,0.573185,-3544.01,24725.2,21181.2
0.572,0,0.05,0.574181,-3544.01,24722.1,21178.1
0.573,0,0.05,0.575177,-3544.01,24719.1,21175
0.574,0,0.05,0.576174,-3544.01,24716,21172
0.575,0,0.05,0.57717,-3544.01,24712.9,21168.9
0.576,0,0.05,0.578166,-3544.01,24709.9,21165.8
0.577,0,0.05,0.579162,-3544.01,24706.8,21162.8
0.578,0,0.05,0.580159,-3544.01,24703.7,21159.7
0.579,0,0.05,0.581155,-3544.01,24700.6,21156.6
0.58,0,0.05,0.582151,-3544.01,24697.6,21153.5
0.581,0,0.05,0.583147,-3544.01,24694.5,21150.5
0.582,0,0.05,0.584144,-3544.01,24691.4,21147.4
0.583,0,0.05,0.58514,-3544.01,24688.4,21144.3
0.584,0,0.05,0.586137,-3544.01,24685.3,21141.3
0.585,0,0.05,0.587133,-3544.01,24682.2,21138.2
0.586,0,0.05,0.588129,-3544.01,24679.1,21135.1
0.587,0,0.05,0.589126,-3544.01,24676.1,21132
0.588,0,0.05,0.590122,-3544.01,24673,21129
0.589,0,0.05,0.591118,-3544.01,24669.9,21125.9
0.59,0,0.05,0.592115,-3544.01,24666.9,21122.8
0.591,0,0.05,0.593111,-3544.01,24663.8,21119.7
0.592,0,0.05,0.594108,-3544.01,24660.7,21116.7
0.593,0,0.05,0.595104,-3544.01,24657.6,21113.6
0.594,0,0.05,0.596101,-3544.01,24654.6,21110.5
0.595,0,0.05,0.597097,-3544.01,24651.5,21107.5
0.596,0,0.05,0.598094,-3544.01,24648.4,21104.4
0.597,0,0.05,0.59909,-3544.01,24645.4,21101.3
0.598,0,0.05,0.600087,-3544.01,24642.3,21098.2
0.599,0,0.05,0.601083,-3544.01,24639.2,21095.2
0.6,0,0.05,0.60208,-3544.01,24636.1,21092.1
0.601,0,0.05,0.603076,-3544.01,24630.8,21086.8
0.602,0,0.05,0.604073,-3544.01,24625.5,21081.4
0.603,0,0.05,0.605069,-3544.01,24620.1,21076.1
0.604,0,0.05,0.606066,-3544.01,24614.8,21070.7
0.605,0,0.05,0.607063,-3544.01,24609.4,21065.4
0.606,0,0.05,0.608059,-3544.01,24604.1,21060
0.607,0,0.05,0.609056,-3544.01,24598.7,21054.7
0.608,0,0.05,0.610052,-3544.01,24593.4,21049.3
0.609,0,0.05,0.611049,-3544.01,24588,21044
0.61,0,0.05,0.612046,-3544.01,24582.7,21038.6
0.611,0,0.05,0.613042,-3544.01,24577.3,21033.3
0.612,0,0.05,0.614039,-3544.01,24572,21027.9
0.613,0,0.05,0.615036,-3544.01,24566.6,21022.6
0.614,0,0.05,0.616032,-3544.01,24561.3,21017.2
0.615,0,0.05,0.617029,-3544.01,24555.9,21011.9
0.616,0,0.05,0.618026,-3544.01,24550.6,21006.5
0.617,0,0.05,0.619023,-3544.01,24545.2,21001.2
0.618,0,0.05,0.620019,-3544.01,24539.9,20995.9
0.619,0,0.05,0.621016,-3544.01,24534.6,20990.5
0.62,0,0.05,0.622013,-3544.01,24529.2,20985.2
0.621,0,0.05,0.62301,-3544.01,24523.9,20979.8
0.622,0,0.05,0.624006,-3544.01,24518.5,20974.5
0.623,0,0.05,0.625003,-3544.01,24513.2,20969.1
0.624,0,0.05,0.626,-3544.01,24507.8,20963.8
0.625,0,0.05,0.626997,-3544.01,24502.5,20958.4
0.626,0,0.05,0.627994,-3544.01,24497.1,20953.1
0.627,0,0.05,0.62899,-3544.01,24491.8,20947.7
0.628,0,0.05,0.629987,-3544.01,24486.4,20942.4
0.629,0,0.05,0.630984,-3544.01,24481.1,20937
0.63,0,0.05,0.631981,-3544.01,24475.7,20931.7
0.631,0,0.05,0.632978,-3544.01,24470.4,20926.3
0.632,0,0.05,0.633975,-3544.01,24465,20921
0.633,0,0.05,0.634972,-3544.01,24459.7,20915.6
0.634,0,0.05,0.635969,-3544.01,24454.4,20910.3
0.635,0,0.05,0.636965,-3544.01,24449,20905
0.636,0,0.05,0.637962,-3544.01,24443.7,20899.6
0.637,0,0.05,0.638959,-3544.01,24438.3,20894.3
0.638,0,0.05,0.639956,-3544.01,24433,20888.9
0.639,0,0.05,0.640953,-3544.01,24427.6,20883.6
0.64,0,0.05,0.64195,-3544.01,24422.3,20878.2
0.641,0,0.05,0.642947,-3544.01,24416.9,20872.9
0.642,0,0.05,0.643944,-3544.01,24411.6,20867.5
0.643,0,0.05,0.644941,-3544.01,24406.2,20862.2
0.644,0,0.05,0.645938,-3544.01,24400.9,20856.8
0.645,0,0.05,0.646935,-3544.01,24395.5,20851.5
0.646,0,0.05,0.647932,-3544.01,24390.2,20846.1
0.647,0,0.05,0.648929,-3544.01,24384.8,20840.8
0.648,0,0.05,0.649926,-3544.01,24379.5,20835.4
0.649,0,0.05,0.650923,-3544.01,24374.1,20830.1
0.65,0,0.05,0.65192,-3544.01,24368.8,20824.8
0.651,0,0.05,0.652917,-3544.01,24360.8,20816.7
0.652,0,0.05,0.653914,-3544.01,24352.8,20808.7
0.653,0,0.05,0.654911,-3544.01,24344.8,20800.7
0.654,0,0.05,0.655909,-3544.01,24336.8,20792.7
0.655,0,0.05,0.656906,-3544.01,24328.8,20784.7
0.656,0,0.05,0.657903,-3544.01,24320.8,20776.7
0.657,0,0.05,0.6589,-3544.01,24312.8,20768.7
0.658,0,0.05,0.659897,-3544.01,24304.8,20760.7
0.659,0,0.05,0.660894,-3544.01,24296.8,20752.7
0.66,0,0.05,0.661891,-3544.01,24288.8,20744.7
0.661,0,0.05,0.662888,-3544.01,24280.8,20736.7
0.662,0,0.05,0.663886,-3544.01,24272.8,20728.7
0.663,0,0.05,0.664883,-3544.01,24264.7,20720.7
0.664,0,0.05,0.66588,-3544.01,24256.7,20712.7
0.665,0,0.05,0.666877,-3544.01,24248.7,20704.7
0.666,0,0.05,0.667874,-3544.01,24240.7,20696.7
0.667,0,0.05,0.668871,-3544.01,24232.7,20688.7
0.668,0,0.05,0.669869,-3544.01,24224.7,20680.7
0.669,0,0.05,0.670866,-3544.01,24216.7,20672.7
0.67,0,0.05,0.671863,-3544.01,24208.7,20664.7
0.671,0,0.05,0.67286,-3544.01,24200.7,20656.7
0.672,0,0.05,0.673858,-3544.01,24192.7,20648.7
0.673,0,0.05,0.674855,-3544.01,24184.7,20640.7
0.674,0,0.05,0.675852,-3544.01,24176.7,20632.7
0.675,0,0.05,0.676849,-3544.01,24168.7,20624.7
0.676,0,0.05,0.677847,-3544.01,24160.7,20616.7
0.677,0,0.05,0.678844,-3544.01,24152.7,20608.7
0.678,0,0.05,0.679841,-3544.01,24144.7,20600.7
0.679,0,0.05,0.680838,-3544.01,24136.7,20592.7
0.68,0,0.05,0.681836,-3544.01,24128.7,20584.7
0.681,0,0.05,0.682833,-3544.01,24120.7,20576.7
0.682,0,0.05,0.68383,-3544.01,24112.7,20568.7
0.683,0,0.05,0.684828,-3544.01,24104.7,20560.7
0.684,0,0.05,0.685825,-3544.01,24096.7,20552.6
0.685,0,0.05,0.686822,-3544.01,24088.7,20544.6
0.686,0,0.05,0.68782,-3544.01,24080.7,20536.6
0.687,0,0.05,0.688817,-3544.01,24072.7,20528.6
0.688,0,0.05,0.689815,-3544.01,24064.6,20520.6
0.689,0,0.05,0.690812,-3544.01,24056.6,20512.6
0.69,0,0.05,0.691809,-3544.01,24048.6,20504.6
0.691,0,0.05,0.692807,-3544.01,24040.6,20496.6
0.692,0,0.05,0.693804,-3544.01,24032.6,20488.6
0.693,0,0.05,0.694801,-3544.01,24024.6,20480.6
0.694,0,0.05,0.695799,-3544.01,24016.6,20472.6
0.695,0,0.05,0.696796,-3544.01,24008.6,20464.6
0.696,0,0.05,0.697794,-3544.01,24000.6,20456.6
0.697,0,0.05,0.698791,-3544.01,23992.6,20448.6
0.698,0,0.05,0.699789,-3544.01,23984.6,20440.6
0.699,0,0.05,0.700786,-3544.01,23976.6,20432.6
0.7,0,0.05,0.701783,-3544.01,23968.6,20424.6
0.701,0,0.05,0.702781,-3544.01,23957.3,20413.3
0.702,0,0.05,0.703778,-3544.01,23946,20402
0.703,0,0.05,0.704776,-3544.01,23934.7,20390.7
0.704,0,0.05,0.705773,-3544.01,23923.4,20379.4
0.705,0,0.05,0.706771,-3544.01,23912.1,20368.1
0.706,0,0.05,0.707768,-3544.01,23900.8,20356.8
0.707,0,0.05,0.708766,-3544.01,23889.5,20345.5
0.708,0,0.05,0.709763,-3544.01,23878.2,20334.2
0.709,0,0.05,0.710761,-3544.01,23866.9,20322.9
0.71,0,0.05,0.711758,-3544.01,23855.6,20311.6
0.711,0,0.05,0.712756,-3544.01,23844.3,20300.3
0.712,0,0.05,0.713753,-3544.01,23833,20289
0.713,0,0.05,0.714751,-3544.01,23821.7,20277.7
0.714,0,0.05,0.715749,-3544.01,23810.4,20266.4
0.715,0,0.05,0.716746,-3544.01,23799.1,20255.1
0.716,0,0.05,0.717744,-3544.01,23787.8,20243.8
0.717,0,0.05,0.718741,-3544.01,23776.5,20232.5
0.718,0,0.05,0.719739,-3544.01,23765.2,20221.2
0.719,0,0.05,0.720736,-3544.01,23753.9,20209.9
0.72,0,0.05,0.721734,-3544.01,23742.6,20198.6
0.721,0,0.05,0.722732,-3544.01,23731.3,20187.3
0.722,0,0.05,0.723729,-3544.01,23720,20176
0.723,0,0.05,0.724727,-3544.01,23708.7,20164.7
0.724,0,0.05,0.725724,-3544.01,23697.4,20153.4
0.725,0,0.05,0.726722,-3544.01,23686.1,20142.1
0.726,0,0.05,0.72772,-3544.01,23674.8,20130.8
0.727,0,0.05,0.728717,-3544.01,23663.5,20119.5
0.728,0,0.05,0.729715,-3544.01,23652.2,20108.2
0.729,0,0.05,0.730713,-3544.01,23640.9,20096.9
0.73,0,0.05,0.73171,-3544.01,23629.6,20085.6
0.731,0,0.05,0.732708,-3544.01,23618.3,20074.3
0.732,0,0.05,0.733706,-3544.01,23607,20063
0.733,0,0.05,0.734703,-3544.01,23595.7,20051.7
0.734,0,0.05,0.735701,-3544.01,23584.4,20040.4
0.735,0,0.05,0.736699,-3544.01,23573.1,20029.1
0.736,0,0.05,0.737696,-3544.01,23561.8,20017.8
0.737,0,0.05,0.738694,-3544.01,23550.5,20006.5
0.738,0,0.05,0.739692,-3544.01,23539.2,19995.2
0.739,0,0.05,0.74069,-3544.01,23527.9,19983.9
0.74,0,0.05,0.741687,-3544.01,23516.6,19972.6
0.741,0,0.05,0.742685,-3544.01,23505.3,19961.3
0.742,0,0.05,0.743683,-3544.01,23494,19950
0.743,0,0.05,0.74468,-3544.01,23482.7,19938.7
0.744,0,0.05,0.745678,-3544.01,23471.4,19927.4
0.745,0,0.05,0.746676,-3544.01,23460.1,19916.1
0.746,0,0.05,0.747674,-3544.01,23448.8,19904.8
0.747,0,0.05,0.748671,-3544.01,23437.5,19893.5
0.748,0,0.05,0.749669,-3544.01,23426.2,19882.2
0.749,0,0.05,0.750667,-3544.01,23414.9,19870.9
0.75,0,0.05,0.751665,-3544.01,23403.7,19859.7
0.751,0,0.05,0.752663,-3544.01,23388,19844
0.752,0,0.05,0.75366,-3544.01,23372.4,19828.4
0.753,0,0.05,0.754658,-3544.01,23356.7,19812.7
0.754,0,0.05,0.755656,-3544.01,23341.1,19797.1
0.755,0,0.05,0.756654,-3544.01,23325.5,19781.5
0.756,0,0.05,0.757652,-3544.01,23309.8,19765.8
0.757,0,0.05,0.75865,-3544.01,23294.2,19750.2
0.758,0,0.05,0.759647,-3544.01,23278.5,19734.5
0.759,0,0.05,0.760645,-3544.01,23262.9,19718.9
0.76,0,0.05,0.761643,-3544.01,23247.3,19703.3
0.761,0,0.05,0.762641,-3544.01,23231.6,19687.6
0.762,0,0.05,0.763639,-3544.01,23216,19672
0.763,0,0.05,0.764637,-3544.01,23200.3,19656.3
0.764,0,0.05,0.765634,-3544.01,23184.7,19640.7
0.765,0,0.05,0.766632,-3544.01,23169.1,19625.1
0.766,0,0.05,0.76763,-3544.01,23153.4,19609.4
0.767,0,0.05,0.768628,-3544.01,23137.8,19593.8
0.768,0,0.05,0.769626,-3544.01,23122.1,19578.1
0.769,0,0.05,0.770624,-3544.01,23106.5,19562.5
0.77,0,0.05,0.771622,-3544.01,23090.9,19546.9
0.771,0,0.05,0.77262,-3544.01,23075.2,19531.2
0.772,0,0.05,0.773618,-3544.01,23059.6,19515.6
0.773,0,0.05,0.774615,-3544.01,23044,19500
0.774,0,0.05,0.775613,-3544.01,23028.3,19484.3
0.775,0,0.05,0.776611,-3544.01,23012.7,19468.7
0.776,0,0.05,0.777609,-3544.01,22997,19453
0.777,0,0.05,0.778607,-3544.01,22981.4,19437.4
0.778,0,0.05,0.779605,-3544.01,22965.8,19421.8
0.779,0,0.05,0.780603,-3544.01,22950.1,19406.1
0.78,0,0.05,0.781601,-3544.01,22934.5,19390.5
0.781,0,0.05,0.782599,-3544.01,22918.8,19374.8
0.782,0,0.05,0.783597,-3544.01,22903.2,19359.2
0.783,0,0.05,0.784595,-3544.01,22887.6,19343.6
0.784,0,0.05,0.785593,-3544.01,22871.9,19327.9
0.785,0,0.05,0.786591,-3544.01,22856.3,19312.3
0.786,0,0.05,0.787589,-3544.01,22840.6,19296.6
0.787,0,0.05,0.788587,-3544.01,22825,19281
0.788,0,0.05,0.789585,-3544.01,22809.4,19265.4
0.789,0,0.05,0.790583,-3544.01,22793.7,19249.7
0.79,0,0.05,0.791581,-3544.01,22778.1,19234.1
0.791,0,0.05,0.792579,-3544.01,22762.5,19218.5
0.792,0,0.05,0.793577,-3544.01,22746.8,19202.8
0.793,0,0.05,0.794575,-3544.01,22731.2,19187.2
0.794,0,0.05,0.795573,-3544.01,22715.5,19171.5
0.795,0,0.05,0.796571,-3544.01,22699.9,19155.9
0.796,0,0.05,0.797569,-3544.01,22684.3,19140.3
0.797,0,0.05,0.798567,-3544.01,22668.6,19124.6
0.798,0,0.05,0.799565,-3544.01,22653,19109
0.799,0,0.05,0.800563,-3544.01,22637.3,19093.3
0.8,0,0.05,0.801561,-3544.01,22621.7,19077.7
0.801,0,0.05,0.802559,-3544.01,22600,19056
0.802,0,0.05,0.803557,-3544.01,22578.3,19034.3
0.803,0,0.05,0.804555,-3544.01,22556.6,19012.6
0.804,0,0.05,0.805553,-3544.01,22534.9,18990.9
0.805,0,0.05,0.806551,-3544.01,22513.2,18969.2
0.806,0,0.05,0.807549,-3544.01,22491.5,18947.5
0.807,0,0.05,0.808547,-3544.01,22469.8,18925.8
0.808,0,0.05,0.809546,-3544.01,22448.1,18904.1
0.809,0,0.05,0.810544,-3544.01,22426.3,18882.3
0.81,0,0.05,0.811542,-3544.01,22404.6,18860.6
0.811,0,0.05,0.81254,-3544.01,22382.9,18838.9
0.812,0,0.05,0.813538,-3544.01,22361.2,18817.2
0.813,0,0.05,0.814536,-3544.01,22339.5,18795.5
0.814,0,0.05,0.815534,-3544.01,22317.8,18773.8
0.815,0,0.05,0.816532,-3544.01,22296.1,18752.1
0.816,0,0.05,0.81753,-3544.01,22274.4,18730.4
0.817,0,0.05,0.818529,-3544.01,22252.7,18708.7
0.818,0,0.05,0.819527,-3544.01,22231,18687
0.819,0,0.05,0.820525,-3544.01,22209.3,18665.3
0.82,0,0.05,0.821523,-3544.01,22187.6,18643.6
0.821,0,0.05,0.822521,-3544.01,22165.9,18621.9
0.822,0,0.05,0.823519,-3544.01,22144.2,18600.2
0.823,0,0.05,0.824517,-3544.01,22122.5,18578.5
0.824,0,0.05,0.825516,-3544.01,22100.8,18556.8
0.825,0,0.05,0.826514,-3544.01,22079.1,18535.1
0.826,0,0.05,0.827512,-3544.01,22057.3,18513.3
0.827,0,0.05,0.82851,-3544.01,22035.6,18491.6
0.828,0,0.05,0.829508,-3544.01,22013.9,18469.9
0.829,0,0.05,0.830507,-3544.01,21992.2,18448.2
0.83,0,0.05,0.831505,-3544.01,21970.5,18426.5
0.831,0,0.05,0.832503,-3544.01,21948.8,18404.8
0.832,0,0.05,0.833501,-3544.01,21927.1,18383.1
0.833,0,0.05,0.834499,-3544.01,21905.4,18361.4
0.834,0,0.05,0.835497,-3544.01,21883.7,18339.7
0.835,0,0.05,0.836496,-3544.01,21862,18318
0.836,0,0.05,0.837494,-3544.01,21840.3,18296.3
0.837,0,0.05,0.838492,-3544.01,21818.6,18274.6
0.838,0,0.05,0.83949,-3544.01,21796.9,18252.9
0.839,0,0.05,0.840489,-3544.01,21775.2,18231.2
0.84,0,0.05,0.841487,-3544.01,21753.5,18209.5
0.841,0,0.05,0.842485,-3544.01,21731.8,18187.8
0.842,0,0.05,0.843483,-3544.01,21710,18166
0.843,0,0.05,0.844482,-3544.01,21688.3,18144.3
0.844,0,0.05,0.84548,-3544.01,21666.6,18122.6
0.845,0,0.05,0.846478,-3544.01,21644.9,18100.9
0.846,0,0.05,0.847476,-3544.01,21623.2,18079.2
0.847,0,0.05,0.848475,-3544.01,21601.5,18057.5
0.848,0,0.05,0.849473,-3544.01,21579.8,18035.8
0.849,0,0.05,0.850471,-3544.01,21558.1,18014.1
0.85,0,0.05,0.851469,-3544.01,21536.4,17992.4
0.851,0,0.05,0.852468,-3544.01,21505.1,17961.1
0.852,0,0.05,0.853466,-3544.01,21473.7,17929.7
0.853,0,0.05,0.854464,-3544.01,21442.4,17898.4
0.854,0,0.05,0.855462,-3544.01,21411.1,17867.1
0.855,0,0.05,0.856461,-3544.01,21379.8,17835.8
0.856,0,0.05,0.857459,-3544.01,21348.4,17804.4
0.857,0,0.05,0.858457,-3544.01,21317.1,17773.1
0.858,0,0.05,0.859456,-3544.01,21285.8,17741.8
0.859,0,0.05,0.860454,-3544.01,21254.4,17710.4
0.86,0,0.05,0.861452,-3544.01,21223.1,17679.1
0.861,0,0.05,0.862451,-3544.01,21191.8,17647.8
0.862,0,0.05,0.863449,-3544.01,21160.5,17616.5
0.863,0,0.05,0.864447,-3544.01,21129.1,17585.1
0.864,0,0.05,0.865446,-3544.01,21097.8,17553.8
0.865,0,0.05,0.866444,-3544.01,21066.5,17522.5
0.866,0,0.05,0.867442,-3544.01,21035.2,17491.2
0.867,0,0.05,0.868441,-3544.01,21003.8,17459.8
0.868,0,0.05,0.869439,-3544.01,20972.5,17428.5
0.869,0,0.05,0.870437,-3544.01,20941.2,17397.2
0.87,0,0.05,0.871436,-3544.01,20909.8,17365.8
0.871,0,0.05,0.872434,-3544.01,20878.5,17334.5
0.872,0,0.05,0.873432,-3544.01,20847.2,17303.2
0.873,0,0.05,0.874431,-3544.01,20815.9,17271.9
0.874,0,0.05,0.875429,-3544.01,20784.5,17240.5
0.875,0,0.05,0.876427,-3544.01,20753.2,17209.2
0.876,0,0.05,0.877426,-3544.01,20721.9,17177.9
0.877,0,0.05,0.878424,-3544.01,20690.5,17146.5
0.878,0,0.05,0.879423,-3544.01,20659.2,17115.2
0.879,0,0.05,0.880421,-3544.01,20627.9,17083.9
0.88,0,0.05,0.881419,-3544.01,20596.6,17052.6
0.881,0,0.05,0.882418,-3544.01,20565.2,17021.2
0.882,0,0.05,0.883416,-3544.01,20533.9,16989.9
0.883,0,0.05,0.884414,-3544.01,20502.6,16958.6
0.884,0,0.05,0.885413,-3544.01,20471.2,16927.2
0.885,0,0.05,0.886411,-3544.01,20439.9,16895.9
0.886,0,0.05,0.88741,-3544.01,20408.6,16864.6
0.887,0,0.05,0.888408,-3544.01,20377.3,16833.3
0.888,0,0.05,0.889407,-3544.01,20345.9,16801.9
0.889,0,0.05,0.890405,-3544.01,20314.6,16770.6
0.89,0,0.05,0.891403,-3544.01,20283.3,16739.3
0.891,0,0.05,0.892402,-3544.01,20252,16708
0.892,0,0.05,0.8934,-3544.01,20220.6,16676.6
0.893,0,0.05,0.894399,-3544.01,20189.3,16645.3
0.894,0,0.05,0.895397,-3544.01,20158,16614
0.895,0,0.05,0.896396,-3544.01,20126.6,16582.6
0.896,0,0.05,0.897394,-3544.01,20095.3,16551.3
0.897,0,0.05,0.898392,-3544.01,20064,16520
0.898,0,0.05,0.899391,-3544.01,20032.7,16488.7
0.899,0,0.05,0.900389,-3544.01,20001.3,16457.3
0.9,0,0.05,0.901388,-3544.01,19970,16426
0.901,0,0.05,0.902386,-3544.01,19920.6,16376.6
0.902,0,0.05,0.903385,-3544.01,19871.2,16327.2
0.903,0,0.05,0.904383,-3544.01,19821.8,16277.8
0.904,0,0.05,0.905382,-3544.01,19772.4,16228.4
0.905,0,0.05,0.90638,-3544.01,19723,16179
0.906,0,0.05,0.907379,-3544.01,19673.6,16129.6
0.907,0,0.05,0.908377,-3544.01,19624.2,16080.2
0.908,0,0.05,0.909376,-3544.01,19574.8,16030.8
0.909,0,0.05,0.910374,-3544.01,19525.4,15981.4
0.91,0,0.05,0.911373,-3544.01,19476,15932
0.911,0,0.05,0.912371,-3544.01,19426.6,15882.6
0.912,0,0.05,0.91337,-3544.01,19377.2,15833.2
0.913,0,0.05,0.914368,-3544.01,19327.8,15783.8
0.914,0,0.05,0.915367,-3544.01,19278.4,15734.4
0.915,0,0.05,0.916365,-3544.01,19229,15685
0.916,0,0.05,0.917364,-3544.01,19179.6,15635.6
0.917,0,0.05,0.918362,-3544.01,19130.2,15586.2
0.918,0,0.05,0.919361,-3544.01,19080.8,15536.8
0.919,0,0.05,0.920359,-3544.01,19031.4,15487.4
0.92,0,0.05,0.921358,-3544.01,18982,15438
0.921,0,0.05,0.922356,-3544.01,18932.6,15388.6
0.922,0,0.05,0.923355,-3544.01,18883.2,15339.2
0.923,0,0.05,0.924353,-3544.01,18833.8,15289.8
0.924,0,0.05,0.925352,-3544.01,18784.4,15240.4
0.925,0,0.05,0.92635,-3544.01,18735,15191
0.926,0,0.05,0.927349,-3544.01,18685.6,15141.6
0.927,0,0.05,0.928347,-3544.01,18636.2,15092.2
0.928,0,0.05,0.929346,-3544.01,18586.8,15042.8
0.929,0,0.05,0.930345,-3544.01,18537.4,14993.4
0.93,0,0.05,0.931343,-3544.01,18488,14944
0.931,0,0.05,0.932342,-3544.01,18438.6,14894.6
0.932,0,0.05,0.93334,-3544.01,18389.2,14845.2
0.933,0,0.05,0.934339,-3544.01,18339.8,14795.8
0.934,0,0.05,0.935337,-3544.01,18290.4,14746.4
0.935,0,0.05,0.936336,-3544.01,18241,14697
0.936,0,0.05,0.937334,-3544.01,18191.6,14647.6
0.937,0,0.05,0.938333,-3544.01,18142.2,14598.2
0.938,0,0.05,0.939332,-3544.01,18092.8,14548.8
0.939,0,0.05,0.94033,-3544.01,18043.4,14499.4
0.94,0,0.05,0.941329,-3544.01,17994,14450
0.941,0,0.05,0.942327,-3544.01,17944.6,14400.6
0.942,0,0.05,0.943326,-3544.01,17895.2,14351.2
0.943,0,0.05,0.944325,-3544.01,17845.8,14301.8
0.944,0,0.05,0.945323,-3544.01,17796.4,14252.4
0.945,0,0.05,0.946322,-3544.01,17747,14203
0.946,0,0.05,0.94732,-3544.01,17697.6,14153.6
0.947,0,0.05,0.948319,-3544.01,17648.2,14104.2
0.948,0,0.05,0.949318,-3544.01,17598.8,14054.8
0.949,0,0.05,0.950316,-3544.01,17549.4,14005.4
0.95,0,0.05,0.951315,-3544.01,17500,13956
0.951,0,0.05,0.952313,-3544.01,17469.3,13925.3
0.952,0,0.05,0.953312,-3544.01,17438.6,13894.6
0.953,0,0.05,0.954311,-3544.01,17407.9,13863.9
0.954,0,0.05,0.955309,-3544.01,17377.2,13833.2
0.955,0,0.05,0.956308,-3544.01,17346.4,13802.4
0.956,0,0.05,0.957307,-3544.01,17315.7,13771.7
0.957,0,0.05,0.958305,-3544.01,17285,13741
0.958,0,0.05,0.959304,-3544.01,17254.3,13710.3
0.959,0,0.05,0.960303,-3544.01,17223.6,13679.6
0.96,0,0.05,0.961301,-3544.01,17192.9,13648.9
0.961,0,0.05,0.9623,-3544.01,17162.2,13618.2
0.962,0,0.05,0.963298,-3544.01,17131.5,13587.5
0.963,0,0.05,0.964297,-3544.01,17100.7,13556.7
0.964,0,0.05,0.965296,-3544.01,17070,13526
0.965,0,0.05,0.966294,-3544.01,17039.3,13495.3
0.966,0,0.05,0.967293,-3544.01,17008.6,13464.6
0.967,0,0.05,0.968292,-3544.01,16977.9,13433.9
0.968,0,0.05,0.96929,-3544.01,16947.2,13403.2
0.969,0,0.05,0.970289,-3544.01,16916.5,13372.5
0.97,0,0.05,0.971288,-3544.01,16885.8,13341.8
0.971,0,0.05,0.972287,-3544.01,16855,13311
0.972,0,0.05,0.973285,-3544.01,16824.3,13280.3
0.973,0,0.05,0.974284,-3544.01,16793.6,13249.6
0.974,0,0.05,0.975282,-3544.01,16762.9,13218.9
0.975,0,0.05,0.976281,-3544.01,16732.2,13188.2
0.976,0,0.05,0.97728,-3544.01,16701.5,13157.5
0.977,0,0.05,0.978279,-3544.01,16670.8,13126.8
0.978,0,0.05,0.979277,-3544.01,16640.1,13096.1
0.979,0,0.05,0.980276,-3544.01,16609.4,13065.4
0.98,0,0.05,0.981275,-3544.01,16578.6,13034.6
0.981,0,0.05,0.982273,-3544.01,16547.9,13003.9
0.982,0,0.05,0.983272,-3544.01,16517.2,12973.2
0.983,0,0.05,0.984271,-3544.01,16486.5,12942.5
0.984,0,0.05,0.98527,-3544.01,16455.8,12911.8
0.985,0,0.05,0.986268,-3544.01,16425.1,12881.1
0.986,0,0.05,0.987267,-3544.01,16394.4,12850.4
0.987,0,0.05,0.988266,-3544.01,16363.7,12819.7
0.988,0,0.05,0.989264,-3544.01,16332.9,12788.9
0.989,0,0.05,0.990263,-3544.01,16302.2,12758.2
0.99,0,0.05,0.991262,-3544.01,16271.5,12727.5
0.991,0,0.05,0.992261,-3544.01,16240.8,12696.8
0.992,0,0.05,0.993259,-3544.01,16210.1,12666.1
0.993,0,0.05,0.994258,-3544.01,16179.4,12635.4
0.994,0,0.05,0.995257,-3544.01,16148.7,12604.7
0.995,0,0.05,0.996255,-3544.01,16118,12574
0.996,0,0.05,0.997254,-3544.01,16087.2,12543.2
0.997,0,0.05,0.998253,-3544.01,16056.5,12512.5
0.998,0,0.05,0.999252,-3544.01,16025.8,12481.8
0.999,0,0.05,1.00025,-3544.01,15995.1,12451.1
1,0,0.05,1.00125,0,17408.4,17408.4
