Points_0,Points_1,Points_2,qr
0,0,0.05,35517.8
0,0.001,0.05,35472.1
0,0.002,0.05,35426.5
0,0.003,0.05,35380.8
0,0.004,0.05,35335.2
0,0.005,0.05,35289.5
0,0.006,0.05,35243.9
0,0.007,0.05,35198.2
0,0.008,0.05,35152.6
0,0.009,0.05,35106.9
0,0.01,0.05,35061.3
0,0.011,0.05,35015.6
0,0.012,0.05,34970
0,0.013,0.05,34924.3
0,0.014,0.05,34878.6
0,0.015,0.05,34833
0,0.016,0.05,34787.3
0,0.017,0.05,34741.7
0,0.018,0.05,34696
0,0.019,0.05,34650.4
0,0.02,0.05,34604.7
0,0.021,0.05,34559.1
0,0.022,0.05,34513.4
0,0.023,0.05,34467.8
0,0.024,0.05,34422.1
0,0.025,0.05,34376.4
0,0.026,0.05,34330.8
0,0.027,0.05,34285.1
0,0.028,0.05,34239.5
0,0.029,0.05,34193.8
0,0.03,0.05,34148.2
0,0.031,0.05,34102.5
0,0.032,0.05,34056.9
0,0.033,0.05,34011.2
0,0.034,0.05,33944.9
0,0.035,0.05,33868.3
0,0.036,0.05,33791.7
0,0.037,0.05,33715.1
0,0.038,0.05,33638.4
0,0.039,0.05,33561.8
0,0.04,0.05,33485.2
0,0.041,0.05,33408.6
0,0.042,0.05,33332
0,0.043,0.05,33255.4
0,0.044,0.05,33178.7
0,0.045,0.05,33102.1
0,0.046,0.05,33025.5
0,0.047,0.05,32948.9
0,0.048,0.05,32872.3
0,0.049,0.05,32795.6
0,0.05,0.05,32719
0,0.051,0.05,32642.4
0,0.052,0.05,32565.8
0,0.053,0.05,32489.2
0,0.054,0.05,32412.6
0,0.055,0.05,32335.9
0,0.056,0.05,32259.3
0,0.057,0.05,32182.7
0,0.058,0.05,32106.1
0,0.059,0.05,32029.5
0,0.06,0.05,31952.8
0,0.061,0.05,31876.2
0,0.062,0.05,31799.6
0,0.063,0.05,31723
0,0.064,0.05,31646.4
0,0.065,0.05,31569.7
0,0.066,0.05,31493.1
0,0.067,0.05,31422.6
0,0.068,0.05,31364.3
0,0.069,0.05,31306
0,0.07,0.05,31247.7
0,0.071,0.05,31189.4
0,0.072,0.05,31131.1
0,0.073,0.05,31072.8
0,0.074,0.05,31014.5
0,0.075,0.05,30956.2
0,0.076,0.05,30897.9
0,0.077,0.05,30839.6
0,0.078,0.05,30781.3
0,0.079,0.05,30723
0,0.08,0.05,30664.7
0,0.081,0.05,30606.4
0,0.082,0.05,30548.1
0,0.083,0.05,30489.8
0,0.084,0.05,30431.5
0,0.085,0.05,30373.2
0,0.086,0.05,30314.9
0,0.087,0.05,30256.6
0,0.088,0.05,30198.3
0,0.089,0.05,30140
0,0.09,0.05,30081.7
0,0.091,0.05,30023.4
0,0.092,0.05,29965.1
0,0.093,0.05,29906.8
0,0.094,0.05,29848.5
0,0.095,0.05,29790.2
0,0.096,0.05,29731.9
0,0.097,0.05,29673.6
0,0.098,0.05,29615.3
0,0.099,0.05,29557
0,0.1,0.05,29498.7
0,0.101,0.05,29446.5
0,0.102,0.05,29394.3
0,0.103,0.05,29342.2
0,0.104,0.05,29290
0,0.105,0.05,29237.9
0,0.106,0.05,29185.7
0,0.107,0.05,29133.6
0,0.108,0.05,29081.4
0,0.109,0.05,29029.2
0,0.11,0.05,28977.1
0,0.111,0.05,28924.9
0,0.112,0.05,28872.8
0,0.113,0.05,28820.6
0,0.114,0.05,28768.5
0,0.115,0.05,28716.3
0,0.116,0.05,28664.1
0,0.117,0.05,28612
0,0.118,0.05,28559.8
0,0.119,0.05,28507.7
0,0.12,0.05,28455.5
0,0.121,0.05,28403.4
0,0.122,0.05,28351.2
0,0.123,0.05,28299.1
0,0.124,0.05,28246.9
0,0.125,0.05,28194.7
0,0.126,0.05,28142.6
0,0.127,0.05,28090.4
0,0.128,0.05,28038.3
0,0.129,0.05,27986.1
0,0.13,0.05,27934
0,0.131,0.05,27881.8
0,0.132,0.05,27829.6
0,0.133,0.05,27777.5
0,0.134,0.05,27728.1
0,0.135,0.05,27680.1
0,0.136,0.05,27632.1
0,0.137,0.05,27584
0,0.138,0.05,27536
0,0.139,0.05,27488
0,0.14,0.05,27440
0,0.141,0.05,27392
0,0.142,0.05,27344
0,0.143,0.05,27295.9
0,0.144,0.05,27247.9
0,0.145,0.05,27199.9
0,0.146,0.05,27151.9
0,0.147,0.05,27103.9
0,0.148,0.05,27055.9
0,0.149,0.05,27007.8
0,0.15,0.05,26959.8
0,0.151,0.05,26911.8
0,0.152,0.05,26863.8
0,0.153,0.05,26815.8
0,0.154,0.05,26767.8
0,0.155,0.05,26719.7
0,0.156,0.05,26671.7
0,0.157,0.05,26623.7
0,0.158,0.05,26575.7
0,0.159,0.05,26527.7
0,0.16,0.05,26479.7
0,0.161,0.05,26431.6
0,0.162,0.05,26383.6
0,0.163,0.05,26335.6
0,0.164,0.05,26287.6
0,0.165,0.05,26239.6
0,0.166,0.05,26191.6
0,0.167,0.05,26144.7
0,0.168,0.05,26100
0,0.169,0.05,26055.3
0,0.17,0.05,26010.7
0,0.171,0.05,25966
0,0.172,0.05,25921.4
0,0.173,0.05,25876.7
0,0.174,0.05,25832.1
0,0.175,0.05,25787.4
0,0.176,0.05,25742.7
0,0.177,0.05,25698.1
0,0.178,0.05,25653.4
0,0.179,0.05,25608.8
0,0.18,0.05,25564.1
0,0.181,0.05,25519.5
0,0.182,0.05,25474.8
0,0.183,0.05,25430.1
0,0.184,0.05,25385.5
0,0.185,0.05,25340.8
0,0.186,0.05,25296.2
0,0.187,0.05,25251.5
0,0.188,0.05,25206.8
0,0.189,0.05,25162.2
0,0.19,0.05,25117.5
0,0.191,0.05,25072.9
0,0.192,0.05,25028.2
0,0.193,0.05,24983.6
0,0.194,0.05,24938.9
0,0.195,0.05,24894.2
0,0.196,0.05,24849.6
0,0.197,0.05,24804.9
0,0.198,0.05,24760.3
0,0.199,0.05,24715.6
0,0.2,0.05,24670.9
0,0.201,0.05,24629.5
0,0.202,0.05,24588
0,0.203,0.05,24546.5
0,0.204,0.05,24505
0,0.205,0.05,24463.5
0,0.206,0.05,24422
0,0.207,0.05,24380.5
0,0.208,0.05,24339
0,0.209,0.05,24297.5
0,0.21,0.05,24256
0,0.211,0.05,24214.5
0,0.212,0.05,24173
0,0.213,0.05,24131.5
0,0.214,0.05,24090
0,0.215,0.05,24048.5
0,0.216,0.05,24007
0,0.217,0.05,23965.5
0,0.218,0.05,23924
0,0.219,0.05,23882.6
0,0.22,0.05,23841.1
0,0.221,0.05,23799.6
0,0.222,0.05,23758.1
0,0.223,0.05,23716.6
0,0.224,0.05,23675.1
0,0.225,0.05,23633.6
0,0.226,0.05,23592.1
0,0.227,0.05,23550.6
0,0.228,0.05,23509.1
0,0.229,0.05,23467.6
0,0.23,0.05,23426.1
0,0.231,0.05,23384.6
0,0.232,0.05,23343.1
0,0.233,0.05,23301.6
0,0.234,0.05,23261.9
0,0.235,0.05,23223
0,0.236,0.05,23184.1
0,0.237,0.05,23145.2
0,0.238,0.05,23106.2
0,0.239,0.05,23067.3
0,0.24,0.05,23028.4
0,0.241,0.05,22989.5
0,0.242,0.05,22950.6
0,0.243,0.05,22911.7
0,0.244,0.05,22872.8
0,0.245,0.05,22833.9
0,0.246,0.05,22795
0,0.247,0.05,22756.1
0,0.248,0.05,22717.2
0,0.249,0.05,22678.3
0,0.25,0.05,22639.4
0,0.251,0.05,22600.5
0,0.252,0.05,22561.6
0,0.253,0.05,22522.7
0,0.254,0.05,22483.8
0,0.255,0.05,22444.9
0,0.256,0.05,22406
0,0.257,0.05,22367.1
0,0.258,0.05,22328.2
0,0.259,0.05,22289.3
0,0.26,0.05,22250.4
0,0.261,0.05,22211.5
0,0.262,0.05,22172.6
0,0.263,0.05,22133.6
0,0.264,0.05,22094.7
0,0.265,0.05,22055.8
0,0.266,0.05,22016.9
0,0.267,0.05,21978.8
0,0.268,0.05,21942.1
0,0.269,0.05,21905.4
0,0.27,0.05,21868.7
0,0.271,0.05,21832
0,0.272,0.05,21795.4
0,0.273,0.05,21758.7
0,0.274,0.05,21722
0,0.275,0.05,21685.3
0,0.276,0.05,21648.6
0,0.277,0.05,21612
0,0.278,0.05,21575.3
0,0.279,0.05,21538.6
0,0.28,0.05,21501.9
0,0.281,0.05,21465.2
0,0.282,0.05,21428.6
0,0.283,0.05,21391.9
0,0.284,0.05,21355.2
0,0.285,0.05,21318.5
0,0.286,0.05,21281.8
0,0.287,0.05,21245.2
0,0.288,0.05,21208.5
0,0.289,0.05,21171.8
0,0.29,0.05,21135.1
0,0.291,0.05,21098.4
0,0.292,0.05,21061.8
0,0.293,0.05,21025.1
0,0.294,0.05,20988.4
0,0.295,0.05,20951.7
0,0.296,0.05,20915
0,0.297,0.05,20878.3
0,0.298,0.05,20841.7
0,0.299,0.05,20805
0,0.3,0.05,20768.3
0,0.301,0.05,20733.7
0,0.302,0.05,20699
0,0.303,0.05,20664.4
0,0.304,0.05,20629.7
0,0.305,0.05,20595.1
0,0.306,0.05,20560.5
0,0.307,0.05,20525.8
0,0.308,0.05,20491.2
0,0.309,0.05,20456.5
0,0.31,0.05,20421.9
0,0.311,0.05,20387.2
0,0.312,0.05,20352.6
0,0.313,0.05,20318
0,0.314,0.05,20283.3
0,0.315,0.05,20248.7
0,0.316,0.05,20214
0,0.317,0.05,20179.4
0,0.318,0.05,20144.8
0,0.319,0.05,20110.1
0,0.32,0.05,20075.5
0,0.321,0.05,20040.8
0,0.322,0.05,20006.2
0,0.323,0.05,19971.6
0,0.324,0.05,19936.9
0,0.325,0.05,19902.3
0,0.326,0.05,19867.6
0,0.327,0.05,19833
0,0.328,0.05,19798.4
0,0.329,0.05,19763.7
0,0.33,0.05,19729.1
0,0.331,0.05,19694.4
0,0.332,0.05,19659.8
0,0.333,0.05,19625.1
0,0.334,0.05,19591.8
0,0.335,0.05,19559
0,0.336,0.05,19526.2
0,0.337,0.05,19493.5
0,0.338,0.05,19460.7
0,0.339,0.05,19427.9
0,0.34,0.05,19395.2
0,0.341,0.05,19362.4
0,0.342,0.05,19329.6
0,0.343,0.05,19296.9
0,0.344,0.05,19264.1
0,0.345,0.05,19231.3
0,0.346,0.05,19198.6
0,0.347,0.05,19165.8
0,0.348,0.05,19133
0,0.349,0.05,19100.3
0,0.35,0.05,19067.5
0,0.351,0.05,19034.7
0,0.352,0.05,19002
0,0.353,0.05,18969.2
0,0.354,0.05,18936.4
0,0.355,0.05,18903.7
0,0.356,0.05,18870.9
0,0.357,0.05,18838.1
0,0.358,0.05,18805.4
0,0.359,0.05,18772.6
0,0.36,0.05,18739.8
0,0.361,0.05,18707.1
0,0.362,0.05,18674.3
0,0.363,0.05,18641.5
0,0.364,0.05,18608.8
0,0.365,0.05,18576
0,0.366,0.05,18543.2
0,0.367,0.05,18511
0,0.368,0.05,18480
0,0.369,0.05,18448.9
0,0.37,0.05,18417.9
0,0.371,0.05,18386.8
0,0.372,0.05,18355.8
0,0.373,0.05,18324.7
0,0.374,0.05,18293.7
0,0.375,0.05,18262.6
0,0.376,0.05,18231.6
0,0.377,0.05,18200.5
0,0.378,0.05,18169.5
0,0.379,0.05,18138.4
0,0.38,0.05,18107.4
0,0.381,0.05,18076.3
0,0.382,0.05,18045.3
0,0.383,0.05,18014.2
0,0.384,0.05,17983.2
0,0.385,0.05,17952.1
0,0.386,0.05,17921.1
0,0.387,0.05,17890
0,0.388,0.05,17859
0,0.389,0.05,17827.9
0,0.39,0.05,17796.9
0,0.391,0.05,17765.8
0,0.392,0.05,17734.8
0,0.393,0.05,17703.7
0,0.394,0.05,17672.7
0,0.395,0.05,17641.6
0,0.396,0.05,17610.6
0,0.397,0.05,17579.5
0,0.398,0.05,17548.5
0,0.399,0.05,17517.4
0,0.4,0.05,17486.3
0,0.401,0.05,17456.9
0,0.402,0.05,17427.4
0,0.403,0.05,17397.9
0,0.404,0.05,17368.5
0,0.405,0.05,17339
0,0.406,0.05,17309.5
0,0.407,0.05,17280.1
0,0.408,0.05,17250.6
0,0.409,0.05,17221.1
0,0.41,0.05,17191.7
0,0.411,0.05,17162.2
0,0.412,0.05,17132.7
0,0.413,0.05,17103.3
0,0.414,0.05,17073.8
0,0.415,0.05,17044.3
0,0.416,0.05,17014.8
0,0.417,0.05,16985.4
0,0.418,0.05,16955.9
0,0.419,0.05,16926.4
0,0.42,0.05,16897
0,0.421,0.05,16867.5
0,0.422,0.05,16838
0,0.423,0.05,16808.6
0,0.424,0.05,16779.1
0,0.425,0.05,16749.6
0,0.426,0.05,16720.2
0,0.427,0.05,16690.7
0,0.428,0.05,16661.2
0,0.429,0.05,16631.8
0,0.43,0.05,16602.3
0,0.431,0.05,16572.8
0,0.432,0.05,16543.3
0,0.433,0.05,16513.9
0,0.434,0.05,16485.4
0,0.435,0.05,16457.4
0,0.436,0.05,16429.4
0,0.437,0.05,16401.4
0,0.438,0.05,16373.4
0,0.439,0.05,16345.4
0,0.44,0.05,16317.4
0,0.441,0.05,16289.4
0,0.442,0.05,16261.5
0,0.443,0.05,16233.5
0,0.444,0.05,16205.5
0,0.445,0.05,16177.5
0,0.446,0.05,16149.5
0,0.447,0.05,16121.5
0,0.448,0.05,16093.5
0,0.449,0.05,16065.5
0,0.45,0.05,16037.5
0,0.451,0.05,16009.5
0,0.452,0.05,15981.5
0,0.453,0.05,15953.6
0,0.454,0.05,15925.6
0,0.455,0.05,15897.6
0,0.456,0.05,15869.6
0,0.457,0.05,15841.6
0,0.458,0.05,15813.6
0,0.459,0.05,15785.6
0,0.46,0.05,15757.6
0,0.461,0.05,15729.6
0,0.462,0.05,15701.6
0,0.463,0.05,15673.6
0,0.464,0.05,15645.6
0,0.465,0.05,15617.7
0,0.466,0.05,15589.7
0,0.467,0.05,15562.1
0,0.468,0.05,15535.5
0,0.469,0.05,15508.9
0,0.47,0.05,15482.3
0,0.471,0.05,15455.7
0,0.472,0.05,15429.1
0,0.473,0.05,15402.5
0,0.474,0.05,15375.9
0,0.475,0.05,15349.3
0,0.476,0.05,15322.7
0,0.477,0.05,15296
0,0.478,0.05,15269.4
0,0.479,0.05,15242.8
0,0.48,0.05,15216.2
0,0.481,0.05,15189.6
0,0.482,0.05,15163
0,0.483,0.05,15136.4
0,0.484,0.05,15109.8
0,0.485,0.05,15083.2
0,0.486,0.05,15056.6
0,0.487,0.05,15030
0,0.488,0.05,15003.4
0,0.489,0.05,14976.7
0,0.49,0.05,14950.1
0,0.491,0.05,14923.5
0,0.492,0.05,14896.9
0,0.493,0.05,14870.3
0,0.494,0.05,14843.7
0,0.495,0.05,14817.1
0,0.496,0.05,14790.5
0,0.497,0.05,14763.9
0,0.498,0.05,14737.3
0,0.499,0.05,14710.7
0,0.5,0.05,14684.1
0,0.501,0.05,14658.7
0,0.502,0.05,14633.4
0,0.503,0.05,14608.1
0,0.504,0.05,14582.8
0,0.505,0.05,14557.5
0,0.506,0.05,14532.1
0,0.507,0.05,14506.8
0,0.508,0.05,14481.5
0,0.509,0.05,14456.2
0,0.51,0.05,14430.9
0,0.511,0.05,14405.6
0,0.512,0.05,14380.2
0,0.513,0.05,14354.9
0,0.514,0.05,14329.6
0,0.515,0.05,14304.3
0,0.516,0.05,14279
0,0.517,0.05,14253.7
0,0.518,0.05,14228.3
0,0.519,0.05,14203
0,0.52,0.05,14177.7
0,0.521,0.05,14152.4
0,0.522,0.05,14127.1
0,0.523,0.05,14101.8
0,0.524,0.05,14076.4
0,0.525,0.05,14051.1
0,0.526,0.05,14025.8
0,0.527,0.05,14000.5
0,0.528,0.05,13975.2
0,0.529,0.05,13949.9
0,0.53,0.05,13924.5
0,0.531,0.05,13899.2
0,0.532,0.05,13873.9
0,0.533,0.05,13848.6
0,0.534,0.05,13824.1
0,0.535,0.05,13800
0,0.536,0.05,13775.9
0,0.537,0.05,13751.8
0,0.538,0.05,13727.7
0,0.539,0.05,13703.6
0,0.54,0.05,13679.5
0,0.541,0.05,13655.3
0,0.542,0.05,13631.2
0,0.543,0.05,13607.1
0,0.544,0.05,13583
0,0.545,0.05,13558.9
0,0.546,0.05,13534.8
0,0.547,0.05,13510.7
0,0.548,0.05,13486.6
0,0.549,0.05,13462.5
0,0.55,0.05,13438.4
0,0.551,0.05,13414.3
0,0.552,0.05,13390.2
0,0.553,0.05,13366.1
0,0.554,0.05,13342
0,0.555,0.05,13317.9
0,0.556,0.05,13293.8
0,0.557,0.05,13269.7
0,0.558,0.05,13245.6
0,0.559,0.05,13221.5
0,0.56,0.05,13197.4
0,0.561,0.05,13173.2
0,0.562,0.05,13149.1
0,0.563,0.05,13125
0,0.564,0.05,13100.9
0,0.565,0.05,13076.8
0,0.566,0.05,13052.7
0,0.567,0.05,13029
0,0.568,0.05,13006
0,0.569,0.05,12983.1
0,0.57,0.05,12960.1
0,0.571,0.05,12937.1
0,0.572,0.05,12914.1
0,0.573,0.05,12891.2
0,0.574,0.05,12868.2
0,0.575,0.05,12845.2
0,0.576,0.05,12822.3
0,0.577,0.05,12799.3
0,0.578,0.05,12776.3
0,0.579,0.05,12753.3
0,0.58,0.05,12730.4
0,0.581,0.05,12707.4
0,0.582,0.05,12684.4
0,0.583,0.05,12661.5
0,0.584,0.05,12638.5
0,0.585,0.05,12615.5
0,0.586,0.05,12592.5
0,0.587,0.05,12569.6
0,0.588,0.05,12546.6
0,0.589,0.05,12523.6
0,0.59,0.05,12500.7
0,0.591,0.05,12477.7
0,0.592,0.05,12454.7
0,0.593,0.05,12431.7
0,0.594,0.05,12408.8
0,0.595,0.05,12385.8
0,0.596,0.05,12362.8
0,0.597,0.05,12339.9
0,0.598,0.05,12316.9
0,0.599,0.05,12293.9
0,0.6,0.05,12271
0,0.601,0.05,12249
0,0.602,0.05,12227.1
0,0.603,0.05,12205.2
0,0.604,0.05,12183.3
0,0.605,0.05,12161.4
0,0.606,0.05,12139.5
0,0.607,0.05,12117.6
0,0.608,0.05,12095.6
0,0.609,0.05,12073.7
0,0.61,0.05,12051.8
0,0.611,0.05,12029.9
0,0.612,0.05,12008
0,0.613,0.05,11986.1
0,0.614,0.05,11964.2
0,0.615,0.05,11942.2
0,0.616,0.05,11920.3
0,0.617,0.05,11898.4
0,0.618,0.05,11876.5
0,0.619,0.05,11854.6
0,0.62,0.05,11832.7
0,0.621,0.05,11810.8
0,0.622,0.05,11788.9
0,0.623,0.05,11766.9
0,0.624,0.05,11745
0,0.625,0.05,11723.1
0,0.626,0.05,11701.2
0,0.627,0.05,11679.3
0,0.628,0.05,11657.4
0,0.629,0.05,11635.5
0,0.63,0.05,11613.5
0,0.631,0.05,11591.6
0,0.632,0.05,11569.7
0,0.633,0.05,11547.8
0,0.634,0.05,11526.5
0,0.635,0.05,11505.6
0,0.636,0.05,11484.7
0,0.637,0.05,11463.8
0,0.638,0.05,11442.8
0,0.639,0.05,11421.9
0,0.64,0.05,11401
0,0.641,0.05,11380
0,0.642,0.05,11359.1
0,0.643,0.05,11338.2
0,0.644,0.05,11317.3
0,0.645,0.05,11296.3
0,0.646,0.05,11275.4
0,0.647,0.05,11254.5
0,0.648,0.05,11233.5
0,0.649,0.05,11212.6
0,0.65,0.05,11191.7
0,0.651,0.05,11170.7
0,0.652,0.05,11149.8
0,0.653,0.05,11128.9
0,0.654,0.05,11108
0,0.655,0.05,11087
0,0.656,0.05,11066.1
0,0.657,0.05,11045.2
0,0.658,0.05,11024.2
0,0.659,0.05,11003.3
0,0.66,0.05,10982.4
0,0.661,0.05,10961.5
0,0.662,0.05,10940.5
0,0.663,0.05,10919.6
0,0.664,0.05,10898.7
0,0.665,0.05,10877.7
0,0.666,0.05,10856.8
0,0.667,0.05,10836.2
0,0.668,0.05,10816.2
0,0.669,0.05,10796.1
0,0.67,0.05,10776.1
0,0.671,0.05,10756.1
0,0.672,0.05,10736.1
0,0.673,0.05,10716
0,0.674,0.05,10696
0,0.675,0.05,10676
0,0.676,0.05,10656
0,0.677,0.05,10635.9
0,0.678,0.05,10615.9
0,0.679,0.05,10595.9
0,0.68,0.05,10575.9
0,0.681,0.05,10555.9
0,0.682,0.05,10535.8
0,0.683,0.05,10515.8
0,0.684,0.05,10495.8
0,0.685,0.05,10475.8
0,0.686,0.05,10455.7
0,0.687,0.05,10435.7
0,0.688,0.05,10415.7
0,0.689,0.05,10395.7
0,0.69,0.05,10375.7
0,0.691,0.05,10355.6
0,0.692,0.05,10335.6
0,0.693,0.05,10315.6
0,0.694,0.05,10295.6
0,0.695,0.05,10275.5
0,0.696,0.05,10255.5
0,0.697,0.05,10235.5
0,0.698,0.05,10215.5
0,0.699,0.05,10195.4
0,0.7,0.05,10175.4
0,0.701,0.05,10156.2
0,0.702,0.05,10137
0,0.703,0.05,10117.8
0,0.704,0.05,10098.6
0,0.705,0.05,10079.5
0,0.706,0.05,10060.3
0,0.707,0.05,10041.1
0,0.708,0.05,10021.9
0,0.709,0.05,10002.7
0,0.71,0.05,9983.48
0,0.711,0.05,9964.28
0,0.712,0.05,9945.09
0,0.713,0.05,9925.89
0,0.714,0.05,9906.7
0,0.715,0.05,9887.5
0,0.716,0.05,9868.31
0,0.717,0.05,9849.11
0,0.718,0.05,9829.92
0,0.719,0.05,9810.72
0,0.72,0.05,9791.53
0,0.721,0.05,9772.33
0,0.722,0.05,9753.14
0,0.723,0.05,9733.94
0,0.724,0.05,9714.75
0,0.725,0.05,9695.55
0,0.726,0.05,9676.36
0,0.727,0.05,9657.16
0,0.728,0.05,9637.97
0,0.729,0.05,9618.77
0,0.73,0.05,9599.58
0,0.731,0.05,9580.38
0,0.732,0.05,9561.19
0,0.733,0.05,9542
0,0.734,0.05,9523.3
0,0.735,0.05,9504.85
0,0.736,0.05,9486.4
0,0.737,0.05,9467.95
0,0.738,0.05,9449.5
0,0.739,0.05,9431.05
0,0.74,0.05,9412.61
0,0.741,0.05,9394.16
0,0.742,0.05,9375.71
0,0.743,0.05,9357.26
0,0.744,0.05,9338.81
0,0.745,0.05,9320.37
0,0.746,0.05,9301.92
0,0.747,0.05,9283.47
0,0.748,0.05,9265.02
0,0.749,0.05,9246.57
0,0.75,0.05,9228.12
0,0.751,0.05,9209.67
0,0.752,0.05,9191.23
0,0.753,0.05,9172.78
0,0.754,0.05,9154.33
0,0.755,0.05,9135.88
0,0.756,0.05,9117.43
0,0.757,0.05,9098.98
0,0.758,0.05,9080.54
0,0.759,0.05,9062.09
0,0.76,0.05,9043.64
0,0.761,0.05,9025.19
0,0.762,0.05,9006.74
0,0.763,0.05,8988.29
0,0.764,0.05,8969.85
0,0.765,0.05,8951.4
0,0.766,0.05,8932.95
0,0.767,0.05,8914.72
0,0.768,0.05,8896.94
0,0.769,0.05,8879.15
0,0.77,0.05,8861.37
0,0.771,0.05,8843.58
0,0.772,0.05,8825.79
0,0.773,0.05,8808.01
0,0.774,0.05,8790.22
0,0.775,0.05,8772.44
0,0.776,0.05,8754.65
0,0.777,0.05,8736.87
0,0.778,0.05,8719.08
0,0.779,0.05,8701.3
0,0.78,0.05,8683.51
0,0.781,0.05,8665.73
0,0.782,0.05,8647.94
0,0.783,0.05,8630.16
0,0.784,0.05,8612.37
0,0.785,0.05,8594.58
0,0.786,0.05,8576.8
0,0.787,0.05,8559.01
0,0.788,0.05,8541.23
0,0.789,0.05,8523.44
0,0.79,0.05,8505.66
0,0.791,0.05,8487.87
0,0.792,0.05,8470.09
0,0.793,0.05,8452.3
0,0.794,0.05,8434.52
0,0.795,0.05,8416.73
0,0.796,0.05,8398.95
0,0.797,0.05,8381.16
0,0.798,0.05,8363.38
0,0.799,0.05,8345.59
0,0.8,0.05,8327.8
0,0.801,0.05,8310.58
0,0.802,0.05,8293.35
0,0.803,0.05,8276.12
0,0.804,0.05,8258.89
0,0.805,0.05,8241.66
0,0.806,0.05,8224.43
0,0.807,0.05,8207.2
0,0.808,0.05,8189.97
0,0.809,0.05,8172.74
0,0.81,0.05,8155.52
0,0.811,0.05,8138.29
0,0.812,0.05,8121.06
0,0.813,0.05,8103.83
0,0.814,0.05,8086.6
0,0.815,0.05,8069.37
0,0.816,0.05,8052.14
0,0.817,0.05,8034.91
0,0.818,0.05,8017.69
0,0.819,0.05,8000.46
0,0.82,0.05,7983.23
0,0.821,0.05,7966
0,0.822,0.05,7948.77
0,0.823,0.05,7931.54
0,0.824,0.05,7914.31
0,0.825,0.05,7897.08
0,0.826,0.05,7879.85
0,0.827,0.05,7862.62
0,0.828,0.05,7845.4
0,0.829,0.05,7828.17
0,0.83,0.05,7810.94
0,0.831,0.05,7793.71
0,0.832,0.05,7776.48
0,0.833,0.05,7759.25
0,0.834,0.05,7742.35
0,0.835,0.05,7725.6
0,0.836,0.05,7708.85
0,0.837,0.05,7692.11
0,0.838,0.05,7675.36
0,0.839,0.05,7658.62
0,0.84,0.05,7641.87
0,0.841,0.05,7625.13
0,0.842,0.05,7608.38
0,0.843,0.05,7591.64
0,0.844,0.05,7574.89
0,0.845,0.05,7558.14
0,0.846,0.05,7541.4
0,0.847,0.05,7524.65
0,0.848,0.05,7507.91
0,0.849,0.05,7491.16
0,0.85,0.05,7474.42
0,0.851,0.05,7457.67
0,0.852,0.05,7440.93
0,0.853,0.05,7424.18
0,0.854,0.05,7407.44
0,0.855,0.05,7390.69
0,0.856,0.05,7373.94
0,0.857,0.05,7357.2
0,0.858,0.05,7340.45
0,0.859,0.05,7323.71
0,0.86,0.05,7306.96
0,0.861,0.05,7290.22
0,0.862,0.05,7273.47
0,0.863,0.05,7256.73
0,0.864,0.05,7239.98
0,0.865,0.05,7223.23
0,0.866,0.05,7206.49
0,0.867,0.05,7189.81
0,0.868,0.05,7173.26
0,0.869,0.05,7156.71
0,0.87,0.05,7140.16
0,0.871,0.05,7123.61
0,0.872,0.05,7107.06
0,0.873,0.05,7090.51
0,0.874,0.05,7073.97
0,0.875,0.05,7057.42
0,0.876,0.05,7040.87
0,0.877,0.05,7024.32
0,0.878,0.05,7007.77
0,0.879,0.05,6991.22
0,0.88,0.05,6974.67
0,0.881,0.05,6958.12
0,0.882,0.05,6941.57
0,0.883,0.05,6925.02
0,0.884,0.05,6908.48
0,0.885,0.05,6891.93
0,0.886,0.05,6875.38
0,0.887,0.05,6858.83
0,0.888,0.05,6842.28
0,0.889,0.05,6825.73
0,0.89,0.05,6809.18
0,0.891,0.05,6792.63
0,0.892,0.05,6776.08
0,0.893,0.05,6759.53
0,0.894,0.05,6742.98
0,0.895,0.05,6726.44
0,0.896,0.05,6709.89
0,0.897,0.05,6693.34
0,0.898,0.05,6676.79
0,0.899,0.05,6660.24
0,0.9,0.05,6643.69
0,0.901,0.05,6627.78
0,0.902,0.05,6611.87
0,0.903,0.05,6595.96
0,0.904,0.05,6580.05
0,0.905,0.05,6564.15
0,0.906,0.05,6548.24
0,0.907,0.05,6532.33
0,0.908,0.05,6516.42
0,0.909,0.05,6500.51
0,0.91,0.05,6484.6
0,0.911,0.05,6468.69
0,0.912,0.05,6452.78
0,0.913,0.05,6436.87
0,0.914,0.05,6420.96
0,0.915,0.05,6405.05
0,0.916,0.05,6389.15
0,0.917,0.05,6373.24
0,0.918,0.05,6357.33
0,0.919,0.05,6341.42
0,0.92,0.05,6325.51
0,0.921,0.05,6309.6
0,0.922,0.05,6293.69
0,0.923,0.05,6277.78
0,0.924,0.05,6261.87
0,0.925,0.05,6245.96
0,0.926,0.05,6230.06
0,0.927,0.05,6214.15
0,0.928,0.05,6198.24
0,0.929,0.05,6182.33
0,0.93,0.05,6166.42
0,0.931,0.05,6150.51
0,0.932,0.05,6134.6
0,0.933,0.05,6118.69
0,0.934,0.05,6100.68
0,0.935,0.05,6081.61
0,0.936,0.05,6062.55
0,0.937,0.05,6043.48
0,0.938,0.05,6024.41
0,0.939,0.05,6005.35
0,0.94,0.05,5986.28
0,0.941,0.05,5967.21
0,0.942,0.05,5948.15
0,0.943,0.05,5929.08
0,0.944,0.05,5910.01
0,0.945,0.05,5890.95
0,0.946,0.05,5871.88
0,0.947,0.05,5852.81
0,0.948,0.05,5833.75
0,0.949,0.05,5814.68
0,0.95,0.05,5795.61
0,0.951,0.05,5776.55
0,0.952,0.05,5757.48
0,0.953,0.05,5738.41
0,0.954,0.05,5719.35
0,0.955,0.05,5700.28
0,0.956,0.05,5681.21
0,0.957,0.05,5662.15
0,0.958,0.05,5643.08
0,0.959,0.05,5624.01
0,0.96,0.05,5604.95
0,0.961,0.05,5585.88
0,0.962,0.05,5566.81
0,0.963,0.05,5547.75
0,0.964,0.05,5528.68
0,0.965,0.05,5509.61
0,0.966,0.05,5490.54
0,0.967,0.05,5474.02
0,0.968,0.05,5462.56
0,0.969,0.05,5451.11
0,0.97,0.05,5439.66
0,0.971,0.05,5428.21
0,0.972,0.05,5416.76
0,0.973,0.05,5405.3
0,0.974,0.05,5393.85
0,0.975,0.05,5382.4
0,0.976,0.05,5370.95
0,0.977,0.05,5359.49
0,0.978,0.05,5348.04
0,0.979,0.05,5336.59
0,0.98,0.05,5325.14
0,0.981,0.05,5313.68
0,0.982,0.05,5302.23
0,0.983,0.05,5290.78
0,0.984,0.05,5279.33
0,0.985,0.05,5267.88
0,0.986,0.05,5256.42
0,0.987,0.05,5244.97
0,0.988,0.05,5233.52
0,0.989,0.05,5222.07
0,0.99,0.05,5210.61
0,0.991,0.05,5199.16
0,0.992,0.05,5187.71
0,0.993,0.05,5176.26
0,0.994,0.05,5164.8
0,0.995,0.05,5153.35
0,0.996,0.05,5141.9
0,0.997,0.05,5130.45
0,0.998,0.05,5118.99
0,0.999,0.05,5107.54
0,1,0.05,8903.32
